,,,
Farm Shi,Product,Cod,Total Units
25-abr,Rose 3D Light/Dark/Peach  CHERRY BRANDY,LOC,100
27-abr,Rose Absolut in Pink Light Pink,LOC,100
27-abr,Rose Absolut in Pink Light Pink 40cm,FDB,200
27-abr,Rose Absolut in Pink Light Pink 40cm,FDB,300
20-abr,Rose Absolut in Pink Light Pink 50cm,FDB,400
27-abr,Rose Absolut in Pink Light Pink 50cm,FDB,200
27-abr,Rose Absolut in Pink Light Pink 50cm,FDB,200
27-abr,Rose Absolut in Pink Light Pink 50cm,FDB,100
27-abr,Rose Absolut in Pink Light Pink 50cm,FDB,100
27-abr,Rose Absolut in Pink Light Pink 60cm,FDB,100
22-abr,Rose Absolut in Pink Light Pink 60cm,FDB,400
20-abr,Rose Akito White 40cm,FDB,100
27-abr,Rose Akito White 50cm,LOC,100
20-abr,Rose Akito White 50cm,LOC,100
26-abr,Rose Akito White 50cm,LOC,100
26-abr,Rose Akito White 60cm,LOC,100
27-abr,Rose Akito White 60cm,LOC,100
25-abr,Rose Akito White 60cm,LOC,100
25-abr,Rose Akito White 60cm,LOC,100
27-abr,Rose Alejandra Peach 40cm,FDB,100
25-abr,Rose Alejandra Peach 60cm,LOC,100
25-abr,Rose All 4 Love Dark Pink,LOC,100
27-abr,Rose All 4 Love Dark Pink,LOC,200
27-abr,Rose All 4 Love Dark Pink 50cm,FDB,100
27-abr,Rose All 4 Love Dark Pink 50cm,FDB,100
23-abr,Rose All 4 Love Dark Pink 50cm,LOC,25
25-abr,Rose All 4 Love Dark Pink 50cm,LOC,125
25-abr,Rose All 4 Love Dark Pink 60cm,LOC,300
27-abr,Rose All 4 Love Dark Pink 60cm,LOC,700
27-abr,Rose Aloha Orange,LOC,25
27-abr,Rose Aloha Orange 40cm,FDB,100
27-abr,Rose Aloha Orange 60cm,LOC,300
26-abr,Rose Aly Light Pink,LOC,200
27-abr,Rose Aly Light Pink 40cm,FDB,100
27-abr,Rose Aly Light Pink 60cm,FDB,100
20-abr,Rose Amelia Cream 50cm,LOC,100
26-abr,Rose Amnesia Antique Lavender,LOC,100
27-abr,Rose Amnesia Antique Lavender 50cm,LOC,100
22-abr,Rose Amnesia Antique Lavender 50cm,LOC,100
25-abr,Rose Amnesia Antique Lavender 50cm,LOC,200
25-abr,Rose Amnesia Antique Lavender 60cm,LOC,100
25-abr,Rose Amsterdam Salmon,LOC,300
27-abr,Rose Amsterdam Salmon,LOC,100
27-abr,Rose Amsterdam Salmon,LOC,100
27-abr,Rose Amsterdam Salmon,LOC,200
22-abr,Rose Amsterdam Salmon 50cm,LOC,100
25-abr,Rose Amsterdam Salmon 50cm,LOC,400
25-abr,Rose Andrea Lavender,LOC,100
26-abr,Rose Andrea Lavender 50cm,LOC,100
22-abr,Rose Andrea Lavender 50cm,LOC,100
22-abr,Rose Andrea Lavender 50cm,LOC,100
27-abr,Rose Andrea Lavender 60cm,FDB,100
26-abr,Rose Andrea Lavender 60cm,LOC,100
25-abr,Rose Andrea Lavender 60cm,LOC,100
26-abr,Rose Applause Lavender,LOC,300
26-abr,Rose Art Deco Light Mauvy Pink,LOC,100
25-abr,Rose Art Deco Light Mauvy Pink,LOC,100
25-abr,Rose Art Deco Light Mauvy Pink,LOC,100
25-abr,Rose Art Deco Light Mauvy Pink,LOC,100
25-abr,Rose Art Deco Light Mauvy Pink 40cm,FDB,100
27-abr,Rose Art Deco Light Mauvy Pink 40cm,FDB,100
25-abr,Rose Art Deco Light Mauvy Pink 40cm,FDB,100
23-abr,Rose Art Deco Light Mauvy Pink 40cm,FDB,100
20-abr,Rose Art Deco Light Mauvy Pink 50cm,FDB,100
27-abr,Rose Art Deco Light Mauvy Pink 50cm,FDB,100
27-abr,Rose Art Deco Light Mauvy Pink 50cm,FDB,100
26-abr,Rose Art Deco Light Mauvy Pink 50cm,LOC,100
25-abr,Rose Art Deco Light Mauvy Pink 60cm,LOC,100
27-abr,Rose Arya Lavender,FDB,48
20-abr,Rose Arya Lavender,FDB,48
27-abr,Rose Arya Lavender,FDB,48
25-abr,Rose Arya Lavender,LOC,100
25-abr,Rose Arya Lavender,LOC,200
27-abr,Rose Ascot Dark Purple 50cm BLUEBERRY,LOC,200
25-abr,Rose Ascot Dark Purple 60cm,LOC,100
20-abr,Rose Ascot Dark Purple 60cm  MANNY BLUE,LOC,100
25-abr,Rose Ascot Dark Purple BLUEBERRY,LOC,100
25-abr,Rose Aspen White 60cm,LOC,200
22-abr,Rose Aspen White 60cm,LOC,100
25-abr,Rose Aspen White 60cm,LOC,300
27-abr,Rose Aspen White 60cm,LOC,500
20-abr,Rose Assorted  CLEO,LOC,100
25-abr,Rose Assorted  POUDER POOL,LOC,100
25-abr,Rose Assorted  POWER PUFF,LOC,200
27-abr,Rose Assorted 40cm,FDB,125
27-abr,Rose Assorted 40cm,FDB,250
27-abr,Rose Assorted 40cm,FDB,125
27-abr,Rose Assorted 40cm,FDB,125
24-abr,Rose Assorted 40cm,FDB,125
2-may,Rose Assorted 40cm,FDB,125
27-abr,Rose Assorted 40cm,FDB,125
27-abr,Rose Assorted 40cm,FDB,125
27-abr,Rose Assorted 40cm,FDB,125
27-abr,Rose Assorted 40cm,FDB,250
25-abr,Rose Assorted 40cm,LOC,100
26-abr,Rose Assorted 40cm,LOC,600
19-abr,Rose Assorted 40cm,LOC,600
20-abr,Rose Assorted 40cm,LOC,400
25-abr,Rose Assorted 40cm,LOC,300
22-abr,Rose Assorted 40cm,LOC,300
22-abr,Rose Assorted 40cm,LOC,450
25-abr,Rose Assorted 40cm,LOC,250
27-abr,Rose Assorted 50cm,FDB,500
20-abr,Rose Assorted 50cm,FDB,400
27-abr,Rose Assorted 50cm,FDB,200
26-abr,Rose Assorted 50cm,FDB,100
25-abr,Rose Assorted 50cm,FDB,300
27-abr,Rose Assorted 50cm,FDB,500
19-abr,Rose Assorted 50cm,FDB,100
27-abr,Rose Assorted 50cm,FDB,100
22-abr,Rose Assorted 50cm,LOC,800
27-abr,Rose Assorted 60cm,FDB,300
27-abr,Rose Assorted 60cm,FDB,200
27-abr,Rose Assorted 60cm,FDB,100
27-abr,Rose Assorted 60cm,FDB,100
27-abr,Rose Assorted 60cm,FDB,100
26-abr,Rose Assorted 60cm,FDB,100
27-abr,Rose Assorted 60cm,FDB,100
22-abr,Rose Assorted 60cm,LOC,400
22-abr,Rose Assorted 60cm,LOC,200
27-abr,Rose Assorted 70cm,FDB,100
20-abr,Rose Assorted 70cm,LOC,100
25-abr,Rose Assorted COFFE & CREAM,LOC,100
25-abr,Rose Assorted LOVE,LOC,100
25-abr,Rose Assorted TIE DE,LOC,200
20-abr,Rose Avalanche White 50cm,FDB,100
20-abr,Rose Avalanche White 50cm,LOC,100
27-abr,Rose Avant Garde Lavender,LOC,200
22-abr,Rose Avant Garde Lavender 50cm,LOC,100
25-abr,Rose Avant Garde Lavender 50cm,LOC,50
25-abr,Rose Avant Garde Lavender 60cm,LOC,100
27-abr,Rose Avant Garde Lavender 60cm,LOC,300
2-may,Rose Babbaloo Pink 40cm,FDB,100
27-abr,Rose Babbaloo Pink 40cm,FDB,100
27-abr,Rose Babbaloo Pink 40cm,FDB,100
25-abr,Rose Babbaloo Pink 40cm,FDB,100
27-abr,Rose Babbaloo Pink 50cm,FDB,100
27-abr,Rose Babbaloo Pink 50cm,FDB,200
27-abr,Rose Babbaloo Pink 50cm,FDB,100
27-abr,Rose Babbaloo Pink 50cm,FDB,100
27-abr,Rose Babbaloo Pink 60cm,FDB,100
25-abr,Rose Babbaloo Pink 60cm,FDB,100
27-abr,Rose Babbaloo Pink 60cm,FDB,100
27-abr,Rose Babbaloo Pink 60cm,FDB,100
26-abr,Rose Babbaloo Pink 60cm,FDB,100
27-abr,Rose Babbaloo Pink 60cm,FDB,100
26-abr,Rose Ballet Pink 50cm,LOC,100
26-abr,Rose Ballet Pink 50cm,LOC,200
25-abr,Rose Ballet Pink 50cm,LOC,300
23-abr,Rose Ballet Pink 50cm,LOC,25
25-abr,Rose Ballet Pink 60cm,LOC,100
27-abr,Rose Ballet Pink 60cm,LOC,200
25-abr,Rose Ballet Pink 60cm,LOC,300
27-abr,Rose Ballet Pink 60cm,LOC,500
26-abr,Rose Barista Mauve,LOC,200
25-abr,Rose Barista Mauve,LOC,100
25-abr,Rose Barista Mauve,LOC,100
25-abr,Rose Barista Mauve,LOC,100
27-abr,Rose Barista Mauve,LOC,100
2-may,Rose Barista Mauve 40cm,FDB,200
27-abr,Rose Barista Mauve 40cm,FDB,100
27-abr,Rose Barista Mauve 40cm,FDB,100
26-abr,Rose Barista Mauve 50cm,LOC,100
25-abr,Rose Barista Mauve 50cm,LOC,200
25-abr,Rose Barista Mauve 60cm,LOC,200
25-abr,Rose Be Sweet Pink,LOC,100
27-abr,Rose Be Sweet Pink 60cm,FDB,100
25-abr,Rose Be Sweet Pink 60cm,LOC,200
22-abr,Rose Bianca Candy Blush 50cm,LOC,100
27-abr,Rose Big Fun Pink/Coral,LOC,200
25-abr,Rose Bikini Yellow 40cm,FDB,100
27-abr,Rose Bikini Yellow 40cm,FDB,100
27-abr,Rose Bikini Yellow 50cm,FDB,100
26-abr,Rose Bikini Yellow 50cm,LOC,100
26-abr,Rose Bikini Yellow 50cm,LOC,100
25-abr,Rose Bikini Yellow 50cm,LOC,200
23-abr,Rose Bikini Yellow 50cm,LOC,50
26-abr,Rose Bikini Yellow 60cm,LOC,200
25-abr,Rose Bikini Yellow 60cm,LOC,100
25-abr,Rose Bikini Yellow 60cm,LOC,300
20-abr,Rose Bikini Yellow 60cm,LOC,100
25-abr,Rose Bikini Yellow 60cm,LOC,100
22-abr,Rose Bikini Yellow 60cm,LOC,100
25-abr,Rose Bikini Yellow 60cm,LOC,100
25-abr,Rose Bikini Yellow 60cm,LOC,400
27-abr,Rose Bikini Yellow 60cm,LOC,400
27-abr,Rose Bittersweet Orange 50cm,FDB,100
27-abr,Rose Bittersweet Orange 50cm,FDB,100
23-abr,Rose Bittersweet Orange 50cm,LOC,50
25-abr,Rose Bittersweet Orange 60cm,LOC,200
26-abr,Rose Black Baccara Dark Red 50cm,LOC,100
25-abr,Rose Black Baccara Dark Red 60cm,LOC,100
20-abr,Rose Black Magic Dark Red,LOC,100
20-abr,Rose Black Pearl Burgundy/Red,LOC,100
27-abr,Rose Black Pearl Burgundy/Red 60cm,LOC,300
27-abr,Rose Blue Dream Lavender 40cm,FDB,100
25-abr,Rose Blue Dream Lavender 40cm,FDB,100
27-abr,Rose Blue Dream Lavender 40cm,FDB,100
27-abr,Rose Blue Dream Lavender 50cm,FDB,100
19-abr,Rose Blue Dream Lavender 50cm,FDB,100
27-abr,Rose Blue Dream Lavender 50cm,FDB,100
25-abr,Rose Blue Dream Lavender 50cm,FDB,100
27-abr,Rose Blue Dream Lavender 50cm,FDB,100
27-abr,Rose Blueberry Lavender 40cm,FDB,100
27-abr,Rose Blueberry Lavender 50cm,FDB,200
26-abr,Rose Blueberry Lavender 50cm,LOC,100
22-abr,Rose Blueberry Lavender 50cm,LOC,100
22-abr,Rose Blueberry Lavender 50cm,LOC,100
25-abr,Rose Blueberry Lavender 50cm,LOC,400
20-abr,Rose Blueberry Lavender 60cm,FDB,100
27-abr,Rose Blueberry Lavender 60cm,FDB,100
27-abr,Rose Blueberry Lavender 60cm,FDB,100
27-abr,Rose Blueberry Lavender 60cm,FDB,200
26-abr,Rose Blueberry Lavender 60cm,LOC,200
27-abr,Rose Blueberry Lavender 60cm,LOC,100
25-abr,Rose Blueberry Lavender 60cm,LOC,200
25-abr,Rose Blueberry Lavender 60cm,LOC,100
22-abr,Rose Blueberry Lavender 60cm,LOC,100
25-abr,Rose Blueberry Lavender 60cm,LOC,100
25-abr,Rose Blueberry Lavender 60cm,LOC,200
27-abr,Rose Blueberry Lavender 60cm,LOC,300
27-abr,Rose Blush Red/White 60cm OPEN CUT,FDB,100
25-abr,Rose Blushing Akito Light Pink,LOC,100
27-abr,Rose Blushing Akito Light Pink,LOC,100
25-abr,Rose Blushing Akito Light Pink 50cm,LOC,100
25-abr,Rose Blushing Akito Light Pink 60cm,LOC,100
20-abr,Rose Blushing Akito Light Pink 60cm,LOC,100
27-abr,Rose Born Beauty Hot Pink 50cm,FDB,100
27-abr,Rose Born Beauty Hot Pink 50cm,FDB,300
26-abr,Rose Born Beauty Hot Pink 60cm,FDB,100
20-abr,Rose Born Free Red 40cm,FDB,100
27-abr,Rose Born Free Red 50cm,FDB,100
27-abr,Rose Boulevard Pink/White 50cm,FDB,100
27-abr,Rose Boulevard Pink/White 50cm,FDB,100
27-abr,Rose Boulevard Pink/White 50cm,FDB,100
27-abr,Rose Boulevard Pink/White 50cm,FDB,200
27-abr,Rose Boulevard Pink/White 50cm,FDB,100
27-abr,Rose Boulevard Pink/White 60cm,FDB,100
27-abr,Rose Brave Red 60cm,LOC,400
25-abr,Rose Breathless Mauve/Lavender,LOC,200
27-abr,Rose Breathless Mauve/Lavender 40cm,FDB,100
25-abr,Rose Breathless Mauve/Lavender 50cm,FDB,100
27-abr,Rose Breathless Mauve/Lavender 50cm,FDB,100
27-abr,Rose Breathless Mauve/Lavender 60cm,FDB,200
27-abr,Rose Bridal Akito Blush,LOC,25
20-abr,Rose Bridal Akito Blush 50cm,LOC,100
25-abr,Rose Bridal Akito Blush 50cm,LOC,100
27-abr,Rose Bridal Akito Blush 60cm,LOC,500
25-abr,Rose Brighton Yellow,LOC,200
27-abr,Rose Brighton Yellow,LOC,25
27-abr,Rose Brighton Yellow,LOC,100
27-abr,Rose Brighton Yellow 40cm,FDB,100
27-abr,Rose Brighton Yellow 40cm,FDB,100
27-abr,Rose Brighton Yellow 40cm,FDB,100
22-abr,Rose Brighton Yellow 40cm,LOC,100
27-abr,Rose Brighton Yellow 50cm,FDB,100
26-abr,Rose Brighton Yellow 50cm,LOC,100
26-abr,Rose Brighton Yellow 50cm,LOC,100
22-abr,Rose Brighton Yellow 50cm,LOC,200
25-abr,Rose Brighton Yellow 50cm,LOC,100
27-abr,Rose Brighton Yellow 60cm,FDB,200
26-abr,Rose Brighton Yellow 60cm,LOC,100
27-abr,Rose Brighton Yellow 60cm,LOC,200
25-abr,Rose Brighton Yellow 60cm,LOC,400
25-abr,Rose Brighton Yellow 60cm,LOC,100
25-abr,Rose Brighton Yellow 60cm,LOC,200
22-abr,Rose Brighton Yellow 60cm,LOC,200
25-abr,Rose Brighton Yellow 60cm,LOC,100
25-abr,Rose Brighton Yellow 60cm,LOC,200
26-abr,Rose Brighton Yellow 60cm,LOC,1000
27-abr,Rose Brighton Yellow 60cm,LOC,400
27-abr,Rose Brighton Yellow 70cm,FDB,200
27-abr,Rose Brighton Yellow 70cm OPEN CUT,FDB,100
20-abr,Rose Brown 40cm,FDB,50
27-abr,Rose Bumblebee Gold 40cm,FDB,100
20-abr,Rose Bumblebee Gold 40cm,FDB,100
27-abr,Rose Bumblebee Gold 60cm,FDB,200
20-abr,Rose Burgundy CRANBERRY,LOC,100
25-abr,Rose Butterscotch Yellow,LOC,100
27-abr,Rose Butterscotch Yellow,LOC,200
27-abr,Rose Butterscotch Yellow,LOC,25
25-abr,Rose Butterscotch Yellow 40cm,FDB,100
26-abr,Rose Butterscotch Yellow 50cm,FDB,100
27-abr,Rose Butterscotch Yellow 50cm,FDB,200
27-abr,Rose Butterscotch Yellow 50cm,FDB,100
27-abr,Rose Cabaret Cream/Peach 40cm,FDB,200
19-abr,Rose Cabaret Cream/Peach 50cm,FDB,100
26-abr,Rose Cafe Mocca Brown,LOC,100
22-abr,Rose Cafe Mocca Brown,LOC,100
19-abr,Rose Cancun Yellow 50cm,FDB,100
25-abr,Rose Candle Light White 50cm,LOC,100
27-abr,Rose Candlelight White,LOC,200
25-abr,Rose Candlelight White 40cm,FDB,100
20-abr,Rose Candlelight White 40cm,FDB,100
27-abr,Rose Candlelight White 40cm,FDB,200
27-abr,Rose Candlelight White 40cm,FDB,100
20-abr,Rose Candlelight White 40cm,FDB,100
27-abr,Rose Candlelight White 40cm,FDB,100
25-abr,Rose Candlelight White 40cm,FDB,100
27-abr,Rose Candlelight White 40cm,FDB,100
20-abr,Rose Candlelight White 40cm,FDB,100
25-abr,Rose Candlelight White 50cm,FDB,100
27-abr,Rose Candlelight White 50cm,FDB,100
27-abr,Rose Candlelight White 50cm,FDB,100
20-abr,Rose Candlelight White 50cm,FDB,100
27-abr,Rose Candlelight White 50cm,FDB,100
27-abr,Rose Candlelight White 50cm,FDB,200
27-abr,Rose Candlelight White 50cm,LOC,400
27-abr,Rose Candlelight White 60cm,FDB,100
25-abr,Rose Candlelight White 60cm,LOC,100
25-abr,Rose Candlelight White 60cm,LOC,100
22-abr,Rose Candlelight White 60cm,LOC,100
26-abr,Rose Candlelight White 60cm,LOC,500
27-abr,Rose Cappuccino Beige,FDB,125
27-abr,Rose Cappuccino Beige,FDB,250
25-abr,Rose Capriccio Gold 60cm,LOC,100
19-abr,Rose Caramel Macchiato Peach/Beige 50cm,FDB,100
27-abr,Rose Caramel Macchiato Peach/Beige 50cm,FDB,100
27-abr,Rose Caramel Macchiato Peach/Beige 50cm,FDB,100
27-abr,Rose Caramel Macchiato Peach/Beige 50cm,FDB,100
23-abr,Rose Caramel Macchiato Peach/Beige 50cm,FDB,100
23-abr,Rose Caramel Macchiato Peach/Beige 50cm,FDB,100
27-abr,Rose Caramel Macchiato Peach/Beige 50cm,FDB,100
27-abr,Rose Caramel Macchiato Peach/Beige 60cm,FDB,200
20-abr,Rose Carnelian Orange 50cm,FDB,200
27-abr,Rose Carnelian Orange 50cm,FDB,200
27-abr,Rose Carousel Pink/White 50cm,FDB,100
25-abr,Rose Carousel Pink/White 60cm,LOC,100
25-abr,Rose Carousel Pink/White 60cm,LOC,100
26-abr,Rose Carpe Diem Apricot,LOC,200
25-abr,Rose Carpe Diem Apricot,LOC,100
27-abr,Rose Carpe Diem Apricot,LOC,25
26-abr,Rose Carpe Diem Apricot 50cm,FDB,100
19-abr,Rose Carpe Diem Apricot 50cm,FDB,100
25-abr,Rose Carpe Diem Apricot 50cm,FDB,100
22-abr,Rose Carpe Diem Apricot 50cm,LOC,100
25-abr,Rose Carpe Diem Apricot 60cm,LOC,200
22-abr,Rose Cayenne Orange 50cm,LOC,100
25-abr,Rose Cayenne Orange 60cm,LOC,200
25-abr,Rose Cayenne Orange 60cm,LOC,100
25-abr,Rose Cayenne Orange 60cm,LOC,100
25-abr,Rose Cayenne Orange 60cm,LOC,100
27-abr,Rose Cayenne Orange 60cm,LOC,300
26-abr,Rose Champagne Beige,LOC,100
25-abr,Rose Champagne Beige,LOC,100
27-abr,Rose Champagne Beige,LOC,25
27-abr,Rose Champagne Beige,LOC,200
27-abr,Rose Champagne Beige 40cm,FDB,200
27-abr,Rose Champagne Beige 40cm,FDB,200
25-abr,Rose Champagne Beige 40cm,FDB,200
27-abr,Rose Champagne Beige 40cm,FDB,400
27-abr,Rose Champagne Beige 40cm,FDB,200
23-abr,Rose Champagne Beige 40cm,FDB,200
25-abr,Rose Champagne Beige 40cm,FDB,200
26-abr,Rose Champagne Beige 50cm,FDB,200
27-abr,Rose Champagne Beige 50cm,FDB,200
27-abr,Rose Champagne Beige 50cm,FDB,200
22-abr,Rose Champagne Beige 50cm,LOC,1000
27-abr,Rose Champagne Beige 60cm,FDB,200
27-abr,Rose Champagner Peach 40cm,FDB,100
20-abr,Rose Champagner Peach 50cm,LOC,100
27-abr,Rose Champagner Peach 60cm,FDB,100
25-abr,Rose Cherry Brandy Pink/Yellow 50cm,LOC,25
25-abr,Rose Cherry Brandy Pink/Yellow 60cm,LOC,100
25-abr,Rose Cherry Brandy Pink/Yellow 60cm,LOC,100
25-abr,Rose Cherry O Hot Pink,LOC,100
27-abr,Rose Cherry O Hot Pink,LOC,200
20-abr,Rose Cherry O Hot Pink 40cm,FDB,100
27-abr,Rose Cherry O Hot Pink 40cm,FDB,100
27-abr,Rose Cherry O Hot Pink 40cm,FDB,100
27-abr,Rose Cherry O Hot Pink 50cm,FDB,200
27-abr,Rose Cherry O Hot Pink 50cm,FDB,100
27-abr,Rose Cherry O Hot Pink 50cm,FDB,100
27-abr,Rose Cherry O Hot Pink 50cm,FDB,100
26-abr,Rose Cherry O Hot Pink 50cm,LOC,500
27-abr,Rose Cherry O Hot Pink 50cm,LOC,200
27-abr,Rose Cherry O Hot Pink 60cm,LOC,200
25-abr,Rose Cherry O Hot Pink 60cm,LOC,100
25-abr,Rose Cherry O Hot Pink 60cm,LOC,200
25-abr,Rose Cherry O Hot Pink 60cm,LOC,100
25-abr,Rose Cherry O Hot Pink 60cm,LOC,200
27-abr,Rose Cherry O Hot Pink 60cm,LOC,1000
26-abr,Rose Christa Light Pink 50cm,LOC,100
25-abr,Rose Cinnamon Peach,LOC,100
27-abr,Rose Cinnamon Peach,LOC,300
25-abr,Rose Cinnamon Peach 60cm,LOC,200
27-abr,Rose Cinnamon Peach 60cm,LOC,500
22-abr,Rose Circus Red/Yellow 50cm,LOC,100
27-abr,Rose Cleo Light Pink 50cm,FDB,100
23-abr,Rose Cleo Light Pink 50cm,FDB,100
27-abr,Rose Cleo Light Pink 50cm,FDB,100
20-abr,Rose Coffee Break Brown 40cm,FDB,100
27-abr,Rose Coffee Break Brown 40cm,FDB,100
20-abr,Rose Coffee Break Brown 50cm,LOC,100
22-abr,Rose Coffee Break Brown 50cm,LOC,100
25-abr,Rose Coffee Break Brown 60cm,LOC,100
20-abr,Rose Coffee Break Brown 60cm,LOC,100
26-abr,Rose Cold Brew Caramel/Pink,FDB,100
27-abr,Rose Cold Brew Caramel/Pink,FDB,100
26-abr,Rose Cold Brew Caramel/Pink,LOC,100
25-abr,Rose Cold Brew Caramel/Pink,LOC,50
26-abr,Rose Cold Brew Caramel/Pink 50cm,LOC,100
22-abr,Rose Cold Brew Caramel/Pink 50cm,LOC,100
22-abr,Rose Cold Brew Caramel/Pink 60cm,LOC,100
19-abr,Rose Combo Copper,LOC,100
25-abr,Rose Combo Copper,LOC,100
22-abr,Rose Combo Copper 50cm,LOC,100
27-abr,Rose Combo Copper 60cm,LOC,100
26-abr,Rose Cool Water Lavender,LOC,100
25-abr,Rose Cool Water Lavender,LOC,100
26-abr,Rose Cool Water Lavender 50cm,LOC,200
26-abr,Rose Cool Water Lavender 50cm,LOC,200
22-abr,Rose Cool Water Lavender 50cm,LOC,100
25-abr,Rose Cool Water Lavender 50cm,LOC,500
27-abr,Rose Cool Water Lavender 60cm,FDB,100
27-abr,Rose Cool Water Lavender 60cm,FDB,100
27-abr,Rose Cool Water Lavender 60cm,LOC,200
25-abr,Rose Cool Water Lavender 60cm,LOC,200
25-abr,Rose Cool Water Lavender 60cm,LOC,200
25-abr,Rose Cool Water Lavender 60cm,LOC,400
25-abr,Rose Cool Water Lavender 60cm,LOC,100
25-abr,Rose Cool Water Lavender 60cm,LOC,200
26-abr,Rose Cool Water Lavender 60cm,LOC,1000
27-abr,Rose Cool Water Lavender 60cm,LOC,500
25-abr,Rose Cooldown Lavender,LOC,100
27-abr,Rose Cooldown Lavender,LOC,200
27-abr,Rose Cooldown Lavender 40cm,FDB,200
27-abr,Rose Cooldown Lavender 40cm,FDB,100
27-abr,Rose Cooldown Lavender 40cm,FDB,100
27-abr,Rose Cooldown Lavender 50cm,FDB,100
27-abr,Rose Cooldown Lavender 50cm,FDB,100
26-abr,Rose Cooldown Lavender 50cm,LOC,100
25-abr,Rose Cooldown Lavender 50cm,LOC,100
27-abr,Rose Cooldown Lavender 60cm,FDB,200
25-abr,Rose Cooldown Lavender 60cm,LOC,100
25-abr,Rose Cooldown Lavender 60cm,LOC,200
25-abr,Rose Coral Reef Coral,LOC,100
27-abr,Rose Coral Reef Coral,LOC,200
27-abr,Rose Coral Reef Coral 40cm,FDB,100
27-abr,Rose Coral Reef Coral 40cm,FDB,300
2-may,Rose Coral Reef Coral 40cm,FDB,100
30-abr,Rose Coral Reef Coral 40cm,FDB,100
25-abr,Rose Coral Reef Coral 40cm,FDB,100
20-abr,Rose Coral Reef Coral 40cm,FDB,300
27-abr,Rose Coral Reef Coral 40cm,FDB,200
25-abr,Rose Coral Reef Coral 50cm,FDB,200
27-abr,Rose Coral Reef Coral 50cm,FDB,100
25-abr,Rose Coral Reef Coral 50cm,LOC,100
25-abr,Rose Coral Reef Coral 60cm,LOC,100
27-abr,Rose Coral Reef Coral 60cm,LOC,100
25-abr,Rose Coral Reef Coral 60cm,LOC,100
25-abr,Rose Coral Reef Coral 60cm,LOC,100
25-abr,Rose Coral X-pression Coral 60cm,LOC,100
27-abr,Rose Cotton Candy Pink 40cm,FDB,100
20-abr,Rose Country Blues Lavender,FDB,100
19-abr,Rose Country Blues Lavender,FDB,100
25-abr,Rose Country Blues Lavender,LOC,200
25-abr,Rose Country Blues Lavender,LOC,200
27-abr,Rose Country Blues Lavender,LOC,100
27-abr,Rose Country Blues Lavender 50 cm,FDB,200
25-abr,Rose Country Blues Lavender 50 cm,LOC,100
26-abr,Rose Country Blues Lavender 50 cm,LOC,100
22-abr,Rose Country Blues Lavender 50 cm,LOC,200
27-abr,Rose Country Blues Lavender 60 cm,FDB,100
25-abr,Rose Country Blues Lavender 60 cm,LOC,200
22-abr,Rose Country Blues Lavender 60 cm,LOC,100
25-abr,Rose Country Blues Lavender 60 cm,LOC,100
27-abr,Rose Country Blues Lavender 60 cm,LOC,300
27-abr,Rose Country Candy Light Pink,LOC,100
27-abr,Rose Country Candy Light Pink 40cm,FDB,100
25-abr,Rose Country Candy Light Pink 40cm,FDB,200
27-abr,Rose Country Candy Light Pink 50cm,FDB,100
27-abr,Rose Country Candy Light Pink 50cm,FDB,100
22-abr,Rose Country Candy Light Pink 50cm,LOC,100
27-abr,Rose Country Candy Light Pink 60cm,LOC,1000
26-abr,Rose Country Home Peach,LOC,100
25-abr,Rose Country Home Peach,LOC,100
22-abr,Rose Country Home Peach 50cm,LOC,100
25-abr,Rose Country Home Peach 50cm,LOC,100
27-abr,Rose Country Home Peach 60cm,FDB,200
25-abr,Rose Country Home Peach 60cm,LOC,100
25-abr,Rose Country Home Peach 60cm,LOC,100
22-abr,Rose Country Home Peach 60cm,LOC,100
25-abr,Rose Country Home Peach 60cm,LOC,100
27-abr,Rose Country Home Peach 60cm,LOC,500
25-abr,Rose Country Sun Yellow,LOC,100
27-abr,Rose Country Sun Yellow 60cm,LOC,400
27-abr,Rose Cream 40cm,FDB,100
27-abr,Rose Cream 50cm,FDB,300
20-abr,Rose Cream 50cm,FDB,300
27-abr,Rose Cream 50cm,FDB,200
25-abr,Rose Creme De La Creme Light Yellow,LOC,100
27-abr,Rose Creme De La Creme Light Yellow,LOC,100
27-abr,Rose Creme De La Creme Light Yellow,LOC,300
27-abr,Rose Creme De La Creme Light Yellow,LOC,100
20-abr,Rose Creme De La Creme Light Yellow 40cm,FDB,100
26-abr,Rose Creme De La Creme Light Yellow 50cm,FDB,100
20-abr,Rose Creme De La Creme Light Yellow 50cm,LOC,100
22-abr,Rose Creme De La Creme Light Yellow 50cm,LOC,200
22-abr,Rose Creme De La Creme Light Yellow 50cm,LOC,200
25-abr,Rose Creme De La Creme Light Yellow 50cm,LOC,200
27-abr,Rose Creme De La Creme Light Yellow 60cm,LOC,100
20-abr,Rose Creme De La Creme Light Yellow 60cm,LOC,100
25-abr,Rose Creme De La Creme Light Yellow 60cm,LOC,100
25-abr,Rose Creme De La Creme Light Yellow FLTI,LOC,200
20-abr,Rose Cute Enigma Beige/Blush/Sand 40cm,FDB,100
27-abr,Rose Cute Enigma Beige/Blush/Sand 40cm,FDB,100
23-abr,Rose Cute Enigma Beige/Blush/Sand 50cm,FDB,100
27-abr,Rose Dallas Red 50cm,FDB,100
25-abr,Rose Deep Purple Lavender,LOC,100
27-abr,Rose Deep Purple Lavender 40cm,FDB,100
27-abr,Rose Deep Purple Lavender 40cm,FDB,100
27-abr,Rose Deep Purple Lavender 50cm,FDB,200
19-abr,Rose Deep Purple Lavender 50cm,FDB,100
26-abr,Rose Deep Purple Lavender 50cm,LOC,400
22-abr,Rose Deep Purple Lavender 50cm,LOC,100
25-abr,Rose Deep Purple Lavender 50cm,LOC,200
27-abr,Rose Deep Purple Lavender 60cm,FDB,100
27-abr,Rose Deep Purple Lavender 60cm,FDB,100
25-abr,Rose Deep Purple Lavender 60cm,LOC,200
26-abr,Rose Deep Purple Lavender 60cm,LOC,100
26-abr,Rose Deep Purple Lavender 60cm,LOC,200
27-abr,Rose Deep Purple Lavender 60cm,LOC,200
25-abr,Rose Deep Purple Lavender 60cm,LOC,100
25-abr,Rose Deep Purple Lavender 60cm,LOC,100
27-abr,Rose Deep Purple Lavender 60cm,LOC,700
25-abr,Rose Deep Purple Lavender 60cm,LOC,300
22-abr,Rose Deep Purple Lavender 60cm,LOC,100
25-abr,Rose Deep Purple Lavender 60cm,LOC,100
25-abr,Rose Deep Purple Lavender 60cm,LOC,300
26-abr,Rose Deep Purple Lavender 60cm,LOC,1000
20-abr,Rose Dragon Tale Orange 50cm,FDB,100
27-abr,Rose Dragon Tale Orange 50cm,FDB,100
25-abr,Rose Dragonfly Orange,LOC,200
27-abr,Rose Dragonfly Orange,LOC,200
25-abr,Rose Dragonfly Orange 40cm,FDB,200
27-abr,Rose Dragonfly Orange 50cm,FDB,200
27-abr,Rose Dragonfly Orange 50cm,FDB,100
25-abr,Rose Dragonfly Orange 50cm,FDB,100
27-abr,Rose Dragonfly Orange 50cm,LOC,100
27-abr,Rose Dragonfly Orange 60cm,FDB,100
27-abr,Rose Dragonfly Orange 60cm,FDB,100
25-abr,Rose Dragonfly Orange 60cm,LOC,100
27-abr,Rose Dyed Blue 50cm,FDB,300
27-abr,Rose Dyed Blue 60cm,FDB,100
27-abr,Rose Dyed Blue 60cm,LOC,100
27-abr,Rose Dynamic Light Peach 50cm,FDB,100
27-abr,Rose Dynamic Light Peach 60cm,FDB,100
19-abr,Rose Enchantment Hot Pink 40cm,FDB,100
27-abr,Rose Enchantment Hot Pink 40cm,FDB,100
27-abr,Rose Enchantment Hot Pink 50cm,FDB,100
27-abr,Rose Enchantment Hot Pink 50cm,FDB,100
27-abr,Rose Enchantment Hot Pink 60cm,FDB,100
26-abr,Rose Engagement Light Pink 50cm,LOC,200
22-abr,Rose Engagement Light Pink 50cm,LOC,100
23-abr,Rose Engagement Light Pink 50cm,LOC,25
26-abr,Rose Engagement Light Pink 60cm,LOC,200
25-abr,Rose Engagement Light Pink 60cm,LOC,200
26-abr,Rose Escimo White,LOC,200
27-abr,Rose Escimo White,LOC,200
20-abr,Rose Escimo White 40cm,FDB,125
20-abr,Rose Escimo White 40cm,FDB,500
20-abr,Rose Escimo White 40cm,FDB,250
20-abr,Rose Escimo White 40cm,FDB,125
20-abr,Rose Escimo White 40cm,FDB,125
20-abr,Rose Escimo White 40cm,FDB,125
27-abr,Rose Escimo White 40cm,FDB,125
19-abr,Rose Escimo White 40cm,FDB,375
20-abr,Rose Escimo White 50cm,FDB,100
20-abr,Rose Escimo White 50cm,FDB,100
27-abr,Rose Escimo White 50cm,FDB,100
27-abr,Rose Escimo White 50cm,FDB,100
27-abr,Rose Escimo White 50cm,LOC,200
20-abr,Rose Escimo White 50cm,LOC,400
25-abr,Rose Escimo White 50cm,LOC,200
25-abr,Rose Escimo White 60cm,LOC,200
25-abr,Rose Escimo White 60cm,LOC,100
25-abr,Rose Escimo White 60cm,LOC,400
27-abr,Rose Escimo White 60cm,LOC,500
27-abr,Rose Esperance Pink/White 40cm,FDB,100
19-abr,Rose Esperance Pink/White 50cm,FDB,100
19-abr,Rose Esperance Pink/White 50cm,FDB,100
25-abr,Rose Esperance Pink/White 50cm,FDB,300
25-abr,Rose Esperance Pink/White 50cm,FDB,300
27-abr,Rose Exotica Peach,LOC,25
26-abr,Rose Explorer Red,LOC,200
20-abr,Rose Explorer Red 60cm,FDB,100
27-abr,Rose Explorer Red 60cm,FDB,500
25-abr,Rose Explorer Red 60cm,LOC,200
27-abr,Rose Explorer Red 60cm,LOC,500
25-abr,Rose Explorer Red 60cm,LOC,500
19-abr,Rose Explorer Red 60cm,LOC,100
27-abr,Rose Explorer Red 60cm,LOC,1900
25-abr,Rose Explorer Red 60cm,LOC,200
20-abr,Rose Explorer Red 60cm,LOC,200
20-abr,Rose Explorer Red 70cm,FDB,200
26-abr,Rose Explorer Red 80cm,LOC,1000
25-abr,Rose Faith Mauve,LOC,400
27-abr,Rose Faith Mauve,LOC,200
27-abr,Rose Faith Mauve,LOC,100
20-abr,Rose Faith Mauve 40cm,FDB,100
20-abr,Rose Faith Mauve 40cm,FDB,100
27-abr,Rose Faith Mauve 40cm,FDB,100
25-abr,Rose Faith Mauve 40cm,FDB,100
26-abr,Rose Faith Mauve 40cm,FDB,100
25-abr,Rose Faith Mauve 50cm,LOC,100
26-abr,Rose Faith Mauve 50cm,LOC,100
19-abr,Rose Faith Mauve 50cm,LOC,200
26-abr,Rose Faith Mauve 50cm,LOC,200
25-abr,Rose Faith Mauve 50cm,LOC,200
29-abr,Rose Faith Mauve 60cm,FDB,200
27-abr,Rose Faith Mauve 60cm,LOC,100
25-abr,Rose Faith Mauve 60cm,LOC,100
25-abr,Rose Faith Mauve 60cm,LOC,300
25-abr,Rose Faith Mauve 60cm,LOC,100
26-abr,Rose Fascination Peach,LOC,100
25-abr,Rose Fascination Peach,LOC,100
27-abr,Rose Fascination Peach 50cm,FDB,200
27-abr,Rose Fascination Peach 50cm,FDB,200
27-abr,Rose Fascination Peach 50cm,FDB,100
26-abr,Rose Fascination Peach 50cm,FDB,100
27-abr,Rose Fascination Peach 50cm,FDB,100
27-abr,Rose Fascination Peach 50cm,FDB,100
27-abr,Rose Fascination Peach 60cm,FDB,100
27-abr,Rose Fascination Peach 60cm,FDB,100
27-abr,Rose Felicity Peach 40cm,FDB,100
27-abr,Rose Felicity Peach 40cm,FDB,100
27-abr,Rose Felicity Peach 40cm,FDB,100
19-abr,Rose Felicity Peach 50cm,FDB,100
27-abr,Rose Felicity Peach 50cm,FDB,200
25-abr,Rose Felicity Peach 60cm,FDB,100
27-abr,Rose Felicity Peach 60cm,FDB,100
27-abr,Rose Felicity Peach 60cm,FDB,100
25-abr,Rose Felicity Peach 60cm,LOC,100
27-abr,Rose Felicity Peach 60cm,LOC,1000
20-abr,Rose Fidji Orange/Peach 50 cm,LOC,100
25-abr,Rose Finally Dark Red 60cm,LOC,200
25-abr,Rose Finally Dark Red 60cm,LOC,50
27-abr,Rose Finally Dark Red 60cm,LOC,200
26-abr,Rose Flamingo Pink,LOC,200
22-abr,Rose Flamingo Pink 50cm,LOC,100
26-abr,Rose Free Spirit Apricot,LOC,100
27-abr,Rose Free Spirit Apricot,LOC,100
27-abr,Rose Free Spirit Apricot,LOC,250
27-abr,Rose Free Spirit Apricot,LOC,100
27-abr,Rose Free Spirit Apricot 40cm,FDB,200
27-abr,Rose Free Spirit Apricot 50cm,FDB,100
20-abr,Rose Free Spirit Apricot 50cm,FDB,100
20-abr,Rose Free Spirit Apricot 50cm,FDB,200
20-abr,Rose Free Spirit Apricot 50cm,FDB,100
25-abr,Rose Free Spirit Apricot 50cm,LOC,100
26-abr,Rose Free Spirit Apricot 50cm,LOC,200
20-abr,Rose Free Spirit Apricot 50cm,LOC,100
26-abr,Rose Free Spirit Apricot 50cm,LOC,200
22-abr,Rose Free Spirit Apricot 50cm,LOC,200
25-abr,Rose Free Spirit Apricot 50cm,LOC,600
27-abr,Rose Free Spirit Apricot 60cm,FDB,100
25-abr,Rose Free Spirit Apricot 60cm,LOC,100
26-abr,Rose Free Spirit Apricot 60cm,LOC,100
27-abr,Rose Free Spirit Apricot 60cm,LOC,200
25-abr,Rose Free Spirit Apricot 60cm,LOC,300
25-abr,Rose Free Spirit Apricot 60cm,LOC,200
27-abr,Rose Free Spirit Apricot 60cm,LOC,200
25-abr,Rose Free Spirit Apricot 60cm,LOC,1000
20-abr,Rose Free Spirit Apricot 60cm,LOC,200
22-abr,Rose Free Spirit Apricot 60cm,LOC,100
25-abr,Rose Free Spirit Apricot 60cm,LOC,200
25-abr,Rose Free Spirit Apricot 60cm,LOC,400
26-abr,Rose Free Spirit Apricot 60cm,LOC,2000
27-abr,Rose Free Spirit Apricot 60cm,LOC,500
25-abr,Rose Freedom Red,LOC,200
20-abr,Rose Freedom Red 40cm,FDB,100
27-abr,Rose Freedom Red 40cm,FDB,100
2-may,Rose Freedom Red 40cm,FDB,125
27-abr,Rose Freedom Red 40cm,FDB,400
19-abr,Rose Freedom Red 40cm,LOC,300
26-abr,Rose Freedom Red 40cm,LOC,300
20-abr,Rose Freedom Red 40cm,LOC,100
22-abr,Rose Freedom Red 40cm,LOC,500
22-abr,Rose Freedom Red 40cm,LOC,1800
20-abr,Rose Freedom Red 50cm,FDB,200
20-abr,Rose Freedom Red 50cm,FDB,500
27-abr,Rose Freedom Red 50cm,FDB,100
27-abr,Rose Freedom Red 50cm,FDB,500
20-abr,Rose Freedom Red 50cm,LOC,100
26-abr,Rose Freedom Red 50cm,LOC,200
27-abr,Rose Freedom Red 50cm,LOC,300
26-abr,Rose Freedom Red 50cm,LOC,300
19-abr,Rose Freedom Red 50cm,LOC,300
25-abr,Rose Freedom Red 50cm,LOC,300
22-abr,Rose Freedom Red 50cm,LOC,600
22-abr,Rose Freedom Red 50cm,LOC,400
22-abr,Rose Freedom Red 50cm,LOC,700
25-abr,Rose Freedom Red 50cm,LOC,600
25-abr,Rose Freedom Red 50cm,LOC,800
26-abr,Rose Freedom Red 50cm,LOC,1000
27-abr,Rose Freedom Red 50cm,LOC,200
27-abr,Rose Freedom Red 70 cm,LOC,2000
27-abr,Rose Freedom Red 60cm,LOC,2000
27-abr,Rose Freedom Red 60cm,LOC,1250
27-abr,Rose Freedom Red 70 cm,LOC,1250
27-abr,Rose Freedom Red 60cm,FDB,200
27-abr,Rose Freedom Red 60cm,FDB,500
20-abr,Rose Freedom Red 60cm,FDB,200
20-abr,Rose Freedom Red 60cm,FDB,100
27-abr,Rose Freedom Red 60cm,FDB,100
26-abr,Rose Freedom Red 60cm,FDB,100
25-abr,Rose Freedom Red 60cm,LOC,200
27-abr,Rose Freedom Red 60cm,LOC,400
26-abr,Rose Freedom Red 60cm,LOC,2000
25-abr,Rose Freedom Red 60cm,LOC,1400
25-abr,Rose Freedom Red 60cm,LOC,300
27-abr,Rose Freedom Red 60cm,LOC,300
26-abr,Rose Freedom Red 60cm,LOC,500
27-abr,Rose Freedom Red 60cm,LOC,700
25-abr,Rose Freedom Red 60cm,LOC,500
22-abr,Rose Freedom Red 60cm,LOC,500
22-abr,Rose Freedom Red 60cm,LOC,400
25-abr,Rose Freedom Red 60cm,LOC,200
25-abr,Rose Freedom Red 60cm,LOC,1000
26-abr,Rose Freedom Red 60cm,LOC,2000
27-abr,Rose Freedom Red 60cm,LOC,1500
27-abr,Rose Freedom Red 60cm,LOC,200
27-abr,Rose Freedom Red 60cm,LOC,200
25-abr,Rose Freedom Red ROPR 60cm,LOC,100
20-abr,Rose Freedom Red 70cm,FDB,100
26-abr,Rose Freedom Red 70cm,LOC,1500
19-abr,Rose Freedom Red 70cm,LOC,100
22-abr,Rose Freedom Red 70cm,LOC,300
25-abr,Rose Freedom Red 70cm,LOC,200
26-abr,Rose Freedom Red 70cm,LOC,500
25-abr,Rose Freedom Red 80cm,LOC,100
26-abr,Rose Freedom Red 80cm,LOC,1000
25-abr,Rose Friends Lavender,LOC,300
25-abr,Rose Friends Lavender,LOC,200
27-abr,Rose Friends Lavender,LOC,100
26-abr,Rose Frutetto Blush/Pink,LOC,100
27-abr,Rose Frutetto Blush/Pink 40cm,FDB,100
27-abr,Rose Frutetto Blush/Pink 40cm,LOC,200
26-abr,Rose Frutetto Blush/Pink 50cm,FDB,100
19-abr,Rose Frutetto Blush/Pink 50cm,FDB,200
27-abr,Rose Frutetto Blush/Pink 50cm,FDB,300
27-abr,Rose Frutetto Blush/Pink 60cm,FDB,100
27-abr,Rose Frutetto Blush/Pink 60cm,FDB,200
27-abr,Rose Frutetto Blush/Pink 60cm,FDB,100
27-abr,Rose Frutetto Blush/Pink 60cm,FDB,200
20-abr,Rose Frutetto Blush/Pink 60cm,LOC,100
25-abr,Rose Frutetto Blush/Pink 60cm,LOC,200
26-abr,Rose Full Monty Hot Pink,LOC,200
25-abr,Rose Full Monty Hot Pink,LOC,300
27-abr,Rose Full Monty Hot Pink 40cm,FDB,100
27-abr,Rose Full Monty Hot Pink 50cm,FDB,200
27-abr,Rose Full Monty Hot Pink 50cm,FDB,100
27-abr,Rose Full Monty Hot Pink 50cm,FDB,100
25-abr,Rose Full Monty Hot Pink 50cm,LOC,150
27-abr,Rose Full Monty Hot Pink 60cm,FDB,100
25-abr,Rose Full Monty Hot Pink 60cm,LOC,300
27-abr,Rose Garden Angelkiss White 40cm,FDB,96
27-abr,Rose Garden Angelkiss White 50cm,FDB,96
25-abr,Rose Garden Antonia Garden Cream,LOC,48
20-abr,Rose Garden Antonia Garden Cream 40cm,FDB,100
20-abr,Rose Garden Antonia Garden Cream 40cm,FDB,100
20-abr,Rose Garden Antonia Garden Cream 40cm,FDB,100
27-abr,Rose Garden Antonia Garden Cream 50cm,FDB,100
22-abr,Rose Garden Assorted  HOLIDAY PACK NO RED,LOC,192
27-abr,Rose Garden Assorted 40cm,FDB,96
27-abr,Rose Garden Assorted 50cm,FDB,96
27-abr,Rose Garden Assorted 50cm,FDB,48
27-abr,Rose Garden Assorted 50cm,FDB,48
27-abr,Rose Garden Atomic Red/Orange 60cm,FDB,100
27-abr,Rose Garden Atomic Red/Orange 60cm,LOC,100
27-abr,Rose Garden Beatrice Gold,LOC,96
25-abr,Rose Garden Bridal Piano Pink,LOC,144
25-abr,Rose Garden Bridal Piano Pink,LOC,48
26-abr,Rose Garden Buttercup Cream 50cm,FDB,100
27-abr,Rose Garden Buttercup Cream 50cm,FDB,100
27-abr,Rose Garden Buttercup Cream 50cm,FDB,100
25-abr,Rose Garden Cafe Latte Beige/Lavender,LOC,48
27-abr,Rose Garden Cafe Latte Beige/Lavender,LOC,144
20-abr,Rose Garden Cafe Latte Beige/Lavender 40cm,FDB,120
27-abr,Rose Garden Cafe Latte Beige/Lavender 40cm,LOC,48
19-abr,Rose Garden Campanella Peach,LOC,100
27-abr,Rose Garden Campanella Peach,LOC,192
27-abr,Rose Garden Campanella Peach,LOC,150
26-abr,Rose Garden Candy X-pression Dark Pink,LOC,100
25-abr,Rose Garden Candy X-pression Dark Pink,LOC,100
25-abr,Rose Garden Candy X-pression Dark Pink,LOC,400
27-abr,Rose Garden Candy X-pression Dark Pink,LOC,48
20-abr,Rose Garden Candy X-pression Dark Pink,LOC,100
25-abr,Rose Garden Candy X-pression Dark Pink,LOC,25
27-abr,Rose Garden Candy X-pression Dark Pink,LOC,192
27-abr,Rose Garden Candy X-pression Dark Pink,LOC,100
27-abr,Rose Garden Candy X-pression Dark Pink 50cm,FDB,700
27-abr,Rose Garden Candy X-pression Dark Pink 50cm,FDB,100
27-abr,Rose Garden Candy X-pression Dark Pink 50cm,FDB,200
27-abr,Rose Garden Candy X-pression Dark Pink 50cm,FDB,100
27-abr,Rose Garden Candy X-pression Dark Pink 50cm,FDB,100
25-abr,Rose Garden Candy X-pression Dark Pink 50cm,FDB,200
25-abr,Rose Garden Candy X-pression Dark Pink 50cm,FDB,100
20-abr,Rose Garden Candy X-pression Dark Pink 50cm,FDB,200
27-abr,Rose Garden Candy X-pression Dark Pink 50cm,FDB,100
27-abr,Rose Garden Candy X-pression Dark Pink 50cm,FDB,100
27-abr,Rose Garden Candy X-pression Dark Pink 50cm,FDB,100
20-abr,Rose Garden Candy X-pression Dark Pink 50cm,LOC,100
26-abr,Rose Garden Candy X-pression Dark Pink 50cm,LOC,100
22-abr,Rose Garden Candy X-pression Dark Pink 50cm,LOC,100
22-abr,Rose Garden Candy X-pression Dark Pink 50cm,LOC,100
23-abr,Rose Garden Candy X-pression Dark Pink 50cm,LOC,25
27-abr,Rose Garden Candy X-pression Dark Pink 50cm,LOC,100
25-abr,Rose Garden Candy X-pression Dark Pink 60cm,LOC,400
26-abr,Rose Garden Capability Hot Pink 40cm,LOC,240
25-abr,Rose Garden Caramel Antique Apricot,LOC,96
25-abr,Rose Garden Caramel Antique Apricot,LOC,48
20-abr,Rose Garden Caramel Antique Apricot 40cm,LOC,12
25-abr,Rose Garden Catalina Yellow,LOC,48
25-abr,Rose Garden Catalina Yellow,LOC,96
27-abr,Rose Garden Catalina Yellow,LOC,192
27-abr,Rose Garden Catalina Yellow 40cm,FDB,48
20-abr,Rose Garden Catalina Yellow 40cm,LOC,12
25-abr,Rose Garden Charity Blush,LOC,48
27-abr,Rose Garden Charity Blush,LOC,144
27-abr,Rose Garden Claire de Lune White 40cm,FDB,48
20-abr,Rose Garden Claire de Lune White 50cm,FDB,48
27-abr,Rose Garden Claire de Lune White 50cm,FDB,48
25-abr,Rose Garden Coldplay White,LOC,100
25-abr,Rose Garden Coldplay White,LOC,48
20-abr,Rose Garden Coldplay White 50cm,FDB,100
26-abr,Rose Garden Coldplay White 60cm,FDB,200
26-abr,Rose Garden Coral X-pression Coral,LOC,100
25-abr,Rose Garden Coral X-pression Coral,LOC,200
25-abr,Rose Garden Coral X-pression Coral,LOC,100
27-abr,Rose Garden Coral X-pression Coral,LOC,100
25-abr,Rose Garden Coral X-pression Coral,LOC,200
27-abr,Rose Garden Coral X-pression Coral,LOC,100
27-abr,Rose Garden Coral X-pression Coral,LOC,100
27-abr,Rose Garden Coral X-pression Coral 50cm,FDB,100
27-abr,Rose Garden Coral X-pression Coral 50cm,FDB,100
23-abr,Rose Garden Coral X-pression Coral 50cm,LOC,25
25-abr,Rose Garden Coral X-pression Coral 60cm,LOC,100
25-abr,Rose Garden Cotton X-pression Cream,LOC,100
25-abr,Rose Garden Cotton X-pression Cream,LOC,200
27-abr,Rose Garden Cotton X-pression Cream,LOC,100
27-abr,Rose Garden Cotton X-pression Cream 50cm,FDB,100
27-abr,Rose Garden Cotton X-pression Cream 50cm,FDB,400
27-abr,Rose Garden Cotton X-pression Cream 50cm,FDB,100
27-abr,Rose Garden Cotton X-pression Cream 50cm,FDB,100
26-abr,Rose Garden Cotton X-pression Cream 50cm,LOC,100
22-abr,Rose Garden Cotton X-pression Cream 50cm,LOC,100
27-abr,Rose Garden Cotton X-pression Cream 60cm,FDB,100
25-abr,Rose Garden Cotton X-pression Cream 60cm,FDB,200
25-abr,Rose Garden Country Louise Apricot/Peach,LOC,100
27-abr,Rose Garden Country Louise Apricot/Peach,LOC,48
25-abr,Rose Garden Country Secret Blush,LOC,200
27-abr,Rose Garden Country Secret Blush 40cm,FDB,300
27-abr,Rose Garden Country Secret Blush 50cm,FDB,100
26-abr,Rose Garden Country Secret Blush 60cm,LOC,500
26-abr,Rose Garden Cream X-pression Cream,LOC,100
25-abr,Rose Garden Cream X-pression Cream,LOC,100
20-abr,Rose Garden Cream X-pression Cream,LOC,100
27-abr,Rose Garden Cream X-pression Cream,LOC,144
26-abr,Rose Garden Dark X-pression Hot Pink,LOC,100
25-abr,Rose Garden Dark X-pression Hot Pink,LOC,200
25-abr,Rose Garden Dark X-pression Hot Pink 40cm,FDB,100
20-abr,Rose Garden Dark X-pression Hot Pink 40cm,FDB,200
26-abr,Rose Garden Dark X-pression Hot Pink 50cm,LOC,100
25-abr,Rose Garden Emma Woodhouse Light Pink,LOC,48
25-abr,Rose Garden Emma Woodhouse Light Pink,LOC,48
19-abr,Rose Garden Garden Spirit Blush 50cm,FDB,100
26-abr,Rose Garden Garden Spirit Blush 50cm,FDB,100
23-abr,Rose Garden Garden Spirit Blush 50cm,FDB,100
27-abr,Rose Garden Garden Spirit Blush 50cm,FDB,100
26-abr,Rose Garden Garden Spirit Blush 50cm,LOC,100
25-abr,Rose Garden Houdini Coral 40cm,LOC,12
27-abr,Rose Garden Houdini Coral 50cm,FDB,100
27-abr,Rose Garden Houdini Coral 50cm,FDB,100
26-abr,Rose Garden Lemon X-pression Yellow,LOC,100
22-abr,Rose Garden Lemon X-pression Yellow 50cm,LOC,100
26-abr,Rose Garden Mandarin X-pression Pink,LOC,200
25-abr,Rose Garden Mandarin X-pression Pink,LOC,200
20-abr,Rose Garden Mandarin X-pression Pink,LOC,100
25-abr,Rose Garden Mandarin X-pression Pink,LOC,100
27-abr,Rose Garden Mandarin X-pression Pink,LOC,192
27-abr,Rose Garden Mandarin X-pression Pink 40cm,FDB,100
30-abr,Rose Garden Mandarin X-pression Pink 40cm,FDB,100
27-abr,Rose Garden Mandarin X-pression Pink 40cm,FDB,100
25-abr,Rose Garden Mandarin X-pression Pink 40cm,FDB,200
25-abr,Rose Garden Mandarin X-pression Pink 40cm,FDB,100
27-abr,Rose Garden Mayra Peach Peach,FDB,100
27-abr,Rose Garden Mayra Peach Peach,FDB,100
25-abr,Rose Garden Mayra Peach Peach,LOC,48
25-abr,Rose Garden Melon X-pression Peach,LOC,100
25-abr,Rose Garden Melon X-pression Peach,LOC,200
25-abr,Rose Garden Melon X-pression Peach,LOC,25
27-abr,Rose Garden Melon X-pression Peach,LOC,144
27-abr,Rose Garden Melon X-pression Peach 40cm,FDB,100
25-abr,Rose Garden Melon X-pression Peach 40cm,FDB,200
27-abr,Rose Garden Melon X-pression Peach 40cm,FDB,100
20-abr,Rose Garden Melon X-pression Peach 40cm,FDB,100
27-abr,Rose Garden Notting Hill Peach,FDB,48
27-abr,Rose Garden Notting Hill Peach,FDB,48
26-abr,Rose Garden Notting Hill Peach,FDB,48
27-abr,Rose Garden Notting Hill Peach,FDB,48
25-abr,Rose Garden Ohara Light Pink,LOC,48
25-abr,Rose Garden Ohara Light Pink,LOC,96
27-abr,Rose Garden Ohara Light Pink,LOC,144
27-abr,Rose Garden O'hara Light Pink,LOC,48
27-abr,Rose Garden Ohara Light Pink 40cm,FDB,100
20-abr,Rose Garden Ohara Light Pink 40cm,FDB,100
25-abr,Rose Garden Ohara Light Pink 40cm,FDB,300
30-abr,Rose Garden Ohara Light Pink 40cm,FDB,100
27-abr,Rose Garden Ohara Light Pink 40cm,FDB,100
27-abr,Rose Garden Ohara Light Pink 40cm,FDB,100
20-abr,Rose Garden O'hara Light Pink 40cm,FDB,100
26-abr,Rose Garden Ohara Light Pink 50cm,FDB,100
27-abr,Rose Garden Ohara Light Pink 50cm,FDB,100
27-abr,Rose Garden Ohara Light Pink 50cm,FDB,100
29-abr,Rose Garden Ohara Light Pink 50cm,FDB,300
27-abr,Rose Garden Ohara Light Pink 50cm,FDB,100
20-abr,Rose Garden O'hara Light Pink 50cm,FDB,100
22-abr,Rose Garden O'hara Light Pink 50cm,LOC,100
27-abr,Rose Garden Peonikiss Pink 40cm,FDB,96
27-abr,Rose Garden Peonikiss Pink 50cm,FDB,96
25-abr,Rose Garden Pink X-pression Light Pink,LOC,200
25-abr,Rose Garden Pink X-pression Light Pink,LOC,100
26-abr,Rose Garden Pink X-pression Light Pink,LOC,100
25-abr,Rose Garden Pink X-pression Light Pink,LOC,100
25-abr,Rose Garden Pink X-pression Light Pink,LOC,400
25-abr,Rose Garden Pink X-pression Light Pink,LOC,100
26-abr,Rose Garden Pink X-pression Light Pink,LOC,500
27-abr,Rose Garden Pink X-pression Light Pink,LOC,192
27-abr,Rose Garden Pink X-pression Light Pink,LOC,100
25-abr,Rose Garden Pink X-pression Light Pink 40cm,FDB,600
27-abr,Rose Garden Pink X-pression Light Pink 40cm,FDB,100
25-abr,Rose Garden Pink X-pression Light Pink 40cm,FDB,100
27-abr,Rose Garden Pink X-pression Light Pink 40cm,FDB,100
19-abr,Rose Garden Pink X-pression Light Pink 40cm,LOC,100
26-abr,Rose Garden Pink X-pression Light Pink 50cm,FDB,100
27-abr,Rose Garden Pink X-pression Light Pink 50cm,FDB,100
20-abr,Rose Garden Pink X-pression Light Pink 50cm,FDB,100
27-abr,Rose Garden Pink X-pression Light Pink 50cm,FDB,100
20-abr,Rose Garden Pink X-pression Light Pink 50cm,FDB,100
27-abr,Rose Garden Pink X-pression Light Pink 50cm,FDB,100
27-abr,Rose Garden Pink X-pression Light Pink 60cm,LOC,100
25-abr,Rose Garden Pink X-pression Light Pink 60cm,LOC,500
25-abr,Rose Garden Pink X-pression Light Pink 60cm,LOC,300
26-abr,Rose Garden Princess Crown Light Salmon,LOC,200
25-abr,Rose Garden Princess Crown Light Salmon,LOC,100
20-abr,Rose Garden Princess Crown Light Salmon,LOC,100
19-abr,Rose Garden Princess Crown Light Salmon 40cm,FDB,100
27-abr,Rose Garden Princess Crown Light Salmon 40cm,FDB,100
25-abr,Rose Garden Princess Crown Light Salmon 40cm,FDB,200
25-abr,Rose Garden Princess Crown Light Salmon 40cm,FDB,100
27-abr,Rose Garden Princess Crown Light Salmon 40cm,FDB,100
25-abr,Rose Garden Princess Crown Light Salmon 40cm,FDB,100
27-abr,Rose Garden Princess Crown Light Salmon 50cm,FDB,100
27-abr,Rose Garden Princess Crown Light Salmon 50cm,FDB,100
27-abr,Rose Garden Princess Crown Light Salmon 50cm,FDB,100
27-abr,Rose Garden Princess Crown Light Salmon 50cm,FDB,100
25-abr,Rose Garden Princess Crown Light Salmon 60cm,LOC,100
26-abr,Rose Garden Princess Hitomi Light Pink Blush,LOC,48
25-abr,Rose Garden Princess Hitomi Light Pink Blush,LOC,48
25-abr,Rose Garden Princess Hitomi Light Pink Blush,LOC,48
26-abr,Rose Garden Queens Crown Mauve,LOC,200
27-abr,Rose Garden Queens Crown Mauve,LOC,96
27-abr,Rose Garden Queens Crown Mauve 40cm,FDB,100
25-abr,Rose Garden Queens Crown Mauve 40cm,FDB,100
27-abr,Rose Garden Queens Crown Mauve 40cm,FDB,100
27-abr,Rose Garden Queens Crown Mauve 40cm,FDB,100
27-abr,Rose Garden Queens Crown Mauve 50cm,FDB,100
29-abr,Rose Garden Queens Crown Mauve 60cm,FDB,300
25-abr,Rose Garden Secret Garden Light Pink,LOC,96
27-abr,Rose Garden Secret Garden Light Pink 50cm,FDB,100
27-abr,Rose Garden Secret Garden Light Pink 50cm,FDB,100
27-abr,Rose Garden Sunny X-pression Yellow 40cm,FDB,100
27-abr,Rose Garden Sunny X-pression Yellow 40cm,FDB,100
27-abr,Rose Garden Sunny X-pression Yellow 40cm,FDB,100
27-abr,Rose Garden Sunny X-pression Yellow 40cm,FDB,100
27-abr,Rose Garden Sunny X-pression Yellow 50cm,FDB,100
27-abr,Rose Garden Sunny X-pression Yellow 50cm,FDB,100
27-abr,Rose Garden Sunny X-pression Yellow 50cm,FDB,100
27-abr,Rose Garden Sunny X-pression Yellow 60cm,FDB,200
23-abr,Rose Garden Sunset Orange/Yellow 40cm,LOC,48
26-abr,Rose Garden Veggie Green/Cream,LOC,100
25-abr,Rose Garden Veggie Green/Cream,LOC,200
20-abr,Rose Garden Veggie Green/Cream,LOC,100
20-abr,Rose Garden Veggie Green/Cream,LOC,100
27-abr,Rose Garden Veggie Green/Cream,LOC,100
20-abr,Rose Garden Veggie Green/Cream 40cm,FDB,100
30-abr,Rose Garden Veggie Green/Cream 40cm,FDB,100
25-abr,Rose Garden Veggie Green/Cream 40cm,FDB,100
27-abr,Rose Garden Veggie Green/Cream 40cm,FDB,100
27-abr,Rose Garden Veggie Green/Cream 40cm,FDB,100
25-abr,Rose Garden Veggie Green/Cream 50cm,FDB,100
27-abr,Rose Garden Veggie Green/Cream 50cm,FDB,100
25-abr,Rose Garden Veggie Green/Cream 50cm,FDB,200
27-abr,Rose Garden Veggie Green/Cream 50cm,FDB,100
26-abr,Rose Garden Veggie Green/Cream 50cm,LOC,100
20-abr,Rose Garden Veggie Green/Cream 50cm,LOC,100
22-abr,Rose Garden Veggie Green/Cream 50cm,LOC,100
27-abr,Rose Garden Veggie Green/Cream 60cm,FDB,100
27-abr,Rose Garden Veggie Green/Cream 60cm,FDB,100
27-abr,Rose Garden Veggie Green/Cream 60cm,FDB,200
25-abr,Rose Garden Veggie Green/Cream 60cm,LOC,100
26-abr,Rose Garden Wedding Spirit Blush,LOC,200
25-abr,Rose Garden Wedding Spirit Blush,LOC,100
25-abr,Rose Garden Westminster Abbey Ivory,LOC,100
27-abr,Rose Garden Westminster Abbey Ivory,LOC,144
25-abr,Rose Garden Westminster Abbey Ivory 40cm,FDB,100
27-abr,Rose Garden Westminster Abbey Ivory 40cm,FDB,100
20-abr,Rose Garden Westminster Abbey Ivory 40cm,FDB,100
20-abr,Rose Garden Westminster Abbey Ivory 40cm,LOC,48
20-abr,Rose Garden Westminster Abbey Ivory 50cm,FDB,200
25-abr,Rose Garden White Ohara Blush,LOC,48
25-abr,Rose Garden White Ohara Blush,LOC,48
27-abr,Rose Garden White Ohara Blush,LOC,100
27-abr,Rose Garden White Ohara Blush,LOC,96
27-abr,Rose Garden White Ohara Blush,LOC,100
25-abr,Rose Garden White Ohara Blush 40cm,FDB,300
27-abr,Rose Garden White Ohara Blush 40cm,FDB,100
27-abr,Rose Garden White Ohara Blush 40cm,FDB,200
20-abr,Rose Garden White Ohara Blush 50cm,FDB,100
27-abr,Rose Garden White Ohara Blush 50cm,FDB,100
27-abr,Rose Garden White Ohara Blush 50cm,FDB,100
22-abr,Rose Garden White Ohara Blush 50cm,LOC,100
22-abr,Rose Garden White Ohara Blush 50cm,LOC,48
20-abr,Rose Garden White O'hara Blush 50cm,FDB,300
20-abr,Rose Garden White O'hara Blush 50cm,FDB,100
22-abr,Rose Garden White O'hara Blush 50cm,LOC,100
25-abr,Rose Garden White Ohara Blush 60cm,LOC,100
27-abr,Rose Garden Wild Crown Orange 50cm,FDB,200
25-abr,Rose Geraldine Antique Pink,LOC,200
25-abr,Rose Geraldine Antique Pink,LOC,400
26-abr,Rose Geraldine Antique Pink 50cm,LOC,200
19-abr,Rose Geraldine Antique Pink 50cm,LOC,125
27-abr,Rose Geraldine Antique Pink 60cm,FDB,100
25-abr,Rose Geraldine Antique Pink 60cm,LOC,100
27-abr,Rose Geraldine Antique Pink 60cm,LOC,500
25-abr,Rose Geraldine Antique Pink 60cm,LOC,200
25-abr,Rose Geraldine Antique Pink 60cm,LOC,300
25-abr,Rose Ghobi Peach,LOC,300
25-abr,Rose Ghobi Peach 50cm,LOC,200
27-abr,Rose Ghobi Peach 60cm,FDB,100
25-abr,Rose Ghobi Peach 60cm,LOC,200
25-abr,Rose Glam Orange 40cm,FDB,100
27-abr,Rose Glitz Yellow 60cm,FDB,100
26-abr,Rose Golden Globe Yellow,LOC,100
25-abr,Rose Golden Mustard Beige,LOC,100
27-abr,Rose Golden Mustard Beige 40cm,FDB,96
22-abr,Rose Golden Mustard Beige 50cm,LOC,100
25-abr,Rose Goldfinch Yellow 50cm,LOC,200
25-abr,Rose Gotcha Fuchsia 50cm,LOC,400
26-abr,Rose Gotcha Fuchsia 50cm,LOC,200
20-abr,Rose Gotcha Fuchsia 50cm,LOC,200
22-abr,Rose Gotcha Fuchsia 50cm,LOC,300
22-abr,Rose Gotcha Fuchsia 50cm,LOC,100
25-abr,Rose Gotcha Fuchsia 60cm,LOC,200
25-abr,Rose Gotcha Fuchsia 60cm,LOC,100
25-abr,Rose Gotcha Fuchsia 60cm,LOC,100
25-abr,Rose Gotcha Fuchsia 60cm,LOC,100
27-abr,Rose Gotcha Fuchsia 60cm,LOC,100
25-abr,Rose Gotcha Fuchsia 60cm,LOC,100
22-abr,Rose Gotcha Fuchsia 60cm,LOC,200
25-abr,Rose Gotcha Fuchsia 60cm,LOC,400
26-abr,Rose Gotcha Fuchsia 60cm,LOC,500
26-abr,Rose Govinda Lavender/Mauve,LOC,100
27-abr,Rose Govinda Lavender/Mauve,LOC,25
27-abr,Rose Govinda Lavender/Mauve 50cm,FDB,100
27-abr,Rose Govinda Lavender/Mauve 50cm,FDB,100
27-abr,Rose Govinda Lavender/Mauve 50cm,FDB,100
27-abr,Rose Govinda Lavender/Mauve 60cm,FDB,100
27-abr,Rose Govinda Lavender/Mauve 60cm,LOC,400
19-abr,Rose Green 50cm,FDB,100
27-abr,Rose Green 50cm,FDB,300
19-abr,Rose Green 50cm,FDB,100
19-abr,Rose Green Romance Green 50cm,FDB,100
27-abr,Rose Happy Bride Pale Pink 50cm,FDB,100
26-abr,Rose Hard Rock Coral,LOC,100
25-abr,Rose Hard Rock Coral,LOC,100
22-abr,Rose Hard Rock Coral 60cm,LOC,300
22-abr,Rose Hard Rock Coral 70cm,LOC,100
27-abr,Rose Heart of Gold Gold,FDB,100
25-abr,Rose Heart of Gold Gold 60cm,LOC,100
26-abr,Rose Hearts Dark Red,LOC,200
25-abr,Rose Hearts Dark Red,LOC,100
27-abr,Rose Hearts Dark Red,LOC,100
27-abr,Rose Hearts Dark Red,LOC,200
26-abr,Rose Hearts Dark Red 50cm,LOC,200
20-abr,Rose Hearts Dark Red 50cm,LOC,100
26-abr,Rose Hearts Dark Red 50cm,LOC,200
22-abr,Rose Hearts Dark Red 50cm,LOC,200
25-abr,Rose Hearts Dark Red 50cm,LOC,200
27-abr,Rose Hearts Dark Red 50cm,LOC,200
27-abr,Rose Hearts Dark Red 60cm,LOC,100
25-abr,Rose Hearts Dark Red 60cm,LOC,300
25-abr,Rose Hearts Dark Red 60cm,LOC,100
26-abr,Rose Hearts Dark Red 60cm,LOC,500
27-abr,Rose Hearts Dark Red 60cm,LOC,200
26-abr,Rose Hermosa Pink,LOC,200
25-abr,Rose Hermosa Pink,LOC,200
25-abr,Rose Hermosa Pink,LOC,400
25-abr,Rose Hermosa Pink,LOC,600
27-abr,Rose Hermosa Pink,LOC,100
27-abr,Rose Hermosa Pink,LOC,300
2-may,Rose Hermosa Pink 50cm,FDB,200
25-abr,Rose Hermosa Pink 50cm,LOC,100
26-abr,Rose Hermosa Pink 50cm,LOC,200
22-abr,Rose Hermosa Pink 50cm,LOC,100
25-abr,Rose Hermosa Pink 50cm,LOC,200
27-abr,Rose Hermosa Pink 50cm,LOC,300
27-abr,Rose Hermosa Pink 60cm,FDB,300
20-abr,Rose Hermosa Pink 60cm,FDB,100
25-abr,Rose Hermosa Pink 60cm,LOC,100
25-abr,Rose Hermosa Pink 60cm,LOC,100
27-abr,Rose Hermosa Pink 60cm,LOC,200
25-abr,Rose Hermosa Pink 60cm,LOC,200
25-abr,Rose Hermosa Pink 60cm,LOC,300
27-abr,Rose Hermosa Pink 60cm,LOC,200
25-abr,Rose Hermosa Pink 60cm,LOC,100
22-abr,Rose Hermosa Pink 60cm,LOC,100
25-abr,Rose Hermosa Pink 60cm,LOC,100
26-abr,Rose Hermosa Pink 60cm,LOC,3000
27-abr,Rose Hermosa Pink 70cm,FDB,100
27-abr,Rose High & Candy Pink/White 60cm,FDB,100
25-abr,Rose High & Exotic Yellow 50cm,FDB,300
27-abr,Rose High & Exotic Yellow 60cm,LOC,300
25-abr,Rose High & Exotic Yellow 60cm,LOC,400
20-abr,Rose High & Exotic Yellow 60cm,LOC,100
25-abr,Rose High & Exotic Yellow 60cm,LOC,200
27-abr,Rose High & Intense Orange/Yellow 60cm,LOC,200
27-abr,Rose High & Magic Yellow/Red Tip 60cm,FDB,100
27-abr,Rose High & Magic Yellow/Red Tip 60cm,LOC,100
27-abr,Rose High & Orange Magic Orange 50 cm,FDB,300
27-abr,Rose High & Orange Magic Orange 50 cm,FDB,300
27-abr,Rose High & Orange Magic Orange 50 cm,FDB,100
27-abr,Rose High & Orange Magic Orange 60 cm,FDB,100
27-abr,Rose High & Orange Magic Orange 60 cm,FDB,100
27-abr,Rose High & Orange Magic Orange 60 cm,FDB,300
25-abr,Rose High & Yellow Flame Red/Yellow,FDB,200
27-abr,Rose Holiday Premium Assorted 40 cm ,FDB,100
24-abr,Rose Holiday Premium Assorted FRESH SENDS 40cm,FDB,12200
26-abr,Rose Hot Carpe Diem Hot Pink,FDB,100
25-abr,Rose Hot Escimo Pink,LOC,100
27-abr,Rose Hot Explorer Hot Pink 50cm,FDB,100
27-abr,Rose Hot Explorer Hot Pink 50cm,FDB,100
27-abr,Rose Hot Explorer Hot Pink 50cm,FDB,100
27-abr,Rose Hot Explorer Hot Pink 60cm,FDB,100
25-abr,Rose Hot Explorer Hot Pink 60cm,LOC,300
25-abr,Rose Hot Explorer Hot Pink 60cm,LOC,300
25-abr,Rose Hot Lady Fuchsia 50cm,LOC,25
25-abr,Rose Hot Lady Fuchsia 60cm,LOC,200
19-abr,Rose Hot Meringue Red/Yellow 50cm,FDB,100
27-abr,Rose Hot Pink,LOC,120
19-abr,Rose Hot Pink 40cm,FDB,125
25-abr,Rose Hot Pink 50cm,LOC,200
22-abr,Rose Hot Pink 60cm,FDB,400
27-abr,Rose Hot Pink 60cm,FDB,100
25-abr,Rose Hot Pink 60cm,LOC,125
25-abr,Rose Hot Pink 60cm,LOC,50
27-abr,Rose Hot Pink GOTCHA PINK FLOYD 60cm,LOC,1200
25-abr,Rose Hot Shot Hot Pink 60cm,LOC,100
25-abr,Rose Hotspot Fuchsia,LOC,200
25-abr,Rose Hummer Yellow,LOC,200
27-abr,Rose Hummer Yellow 60cm,LOC,100
27-abr,Rose Idole Gold 40cm,FDB,175
25-abr,Rose Idole Gold 40cm,FDB,175
27-abr,Rose Idole Gold 40cm,FDB,350
27-abr,Rose Idole Gold 40cm,FDB,175
27-abr,Rose Idole Gold 50cm,FDB,450
25-abr,Rose Idole Gold 50cm,FDB,300
27-abr,Rose Idole Gold 50cm,FDB,300
27-abr,Rose Idole Gold 50cm,FDB,150
27-abr,Rose Imagination Peach 50cm,FDB,100
19-abr,Rose Jacaranda Hot Pink 50cm,FDB,200
27-abr,Rose Jacaranda Hot Pink 50cm,FDB,200
26-abr,Rose Jade Green,LOC,100
20-abr,Rose Jessica Light Pink 40cm,FDB,100
27-abr,Rose Jessica Light Pink 40cm,FDB,200
27-abr,Rose Jessica Light Pink 50cm,FDB,100
27-abr,Rose Jessica Light Pink 50cm,FDB,100
26-abr,Rose Jessica Light Pink 50cm,LOC,100
25-abr,Rose Jessica Light Pink 50cm,LOC,100
25-abr,Rose Jessica Light Pink 60cm,LOC,500
25-abr,Rose Jessica Light Pink 60cm,LOC,100
27-abr,Rose Jessica Light Pink 60cm,LOC,700
26-abr,Rose Kahala Coral,LOC,100
25-abr,Rose Kahala Coral,LOC,200
27-abr,Rose Kahala Coral,LOC,400
27-abr,Rose Kahala Coral 40cm,FDB,100
25-abr,Rose Kahala Coral 40cm,FDB,100
27-abr,Rose Kahala Coral 40cm,FDB,100
25-abr,Rose Kahala Coral 50cm,FDB,300
20-abr,Rose Kahala Coral 50cm,LOC,2200
19-abr,Rose Kahala Coral 50cm,LOC,100
22-abr,Rose Kahala Coral 50cm,LOC,300
29-abr,Rose Kahala Coral 60cm,FDB,200
25-abr,Rose Kahala Coral 60cm,LOC,100
25-abr,Rose Kahala Coral 60cm,LOC,100
25-abr,Rose Kahala Coral 60cm,LOC,100
22-abr,Rose Kahala Coral 60cm,LOC,200
25-abr,Rose Kahala Coral 60cm,LOC,200
26-abr,Rose King's Cross Gold/Peach,LOC,100
25-abr,Rose King's Cross Gold/Peach,LOC,100
27-abr,Rose King's Cross Gold/Peach 40cm,FDB,100
27-abr,Rose King's Cross Gold/Peach 40cm,FDB,100
27-abr,Rose King's Cross Gold/Peach 50cm,FDB,300
27-abr,Rose King's Cross Gold/Peach 60cm,FDB,400
27-abr,Rose King's Cross Gold/Peach 60cm,FDB,100
22-abr,Rose La Perla Light Pink 50cm,LOC,100
26-abr,Rose Lady Eva Light Pink,LOC,300
25-abr,Rose Lavender,LOC,100
27-abr,Rose Lavender 40cm,FDB,50
27-abr,Rose Lavender 50cm,FDB,100
20-abr,Rose Lavender 50cm,LOC,1200
27-abr,Rose Lavender 60cm,FDB,50
22-abr,Rose Lavender 60cm,FDB,200
25-abr,Rose Lavender 60cm,LOC,125
27-abr,Rose Lavender COUNTRY BLUESBLUE BERRY. O.SONG. DEEP 60cm,LOC,1700
25-abr,Rose Lemonade Green,LOC,100
25-abr,Rose Lemonade Green 60cm,LOC,100
27-abr,Rose Light Pink 40cm,FDB,125
27-abr,Rose Light Pink 50cm,FDB,100
27-abr,Rose Light Pink PINK MONDIAL FRUTETTO NENA 60cm,LOC,2400
23-abr,Rose Light Spirit Peach 40cm,FDB,100
27-abr,Rose Light Spirit Peach 40cm,FDB,100
27-abr,Rose Light Spirit Peach 50cm,FDB,100
27-abr,Rose Lighthouse Yellow 60cm,LOC,300
27-abr,Rose Lola Hot Pink 40cm,FDB,100
27-abr,Rose Lola Hot Pink 50cm,FDB,100
26-abr,Rose Lola Hot Pink 50cm,LOC,200
22-abr,Rose Lola Hot Pink 50cm,LOC,200
27-abr,Rose Lola Hot Pink 60cm,FDB,100
27-abr,Rose Lola Hot Pink 60cm,FDB,200
27-abr,Rose Lola Hot Pink 60cm,FDB,100
27-abr,Rose Lola Hot Pink 60cm,FDB,100
22-abr,Rose Lola Hot Pink 60cm,LOC,100
27-abr,Rose Lola Hot Pink 60cm,LOC,500
27-abr,Rose Lorraine Light Pink 50cm,FDB,300
26-abr,Rose Luciano Light Pink 50cm,LOC,100
25-abr,Rose Luciano Light Pink 60 cm,LOC,100
26-abr,Rose Luciano Light Pink 60 cm,LOC,3000
19-abr,Rose Lumia Orange 50cm,FDB,100
27-abr,Rose Magic Times Red/White Bicolor,LOC,50
27-abr,Rose Magic Times Red/White Bicolor 40 cm,FDB,100
27-abr,Rose Magic Times Red/White Bicolor 60 cm,FDB,100
27-abr,Rose Malibu Pink 60cm,LOC,500
27-abr,Rose Mandala Pink 60cm,LOC,400
27-abr,Rose Matcha Green/Pink 60cm,FDB,100
2-may,Rose Matilda Mauve/Chocolate 40cm,FDB,100
2-may,Rose Matilda Mauve/Chocolate 50cm,FDB,100
25-abr,Rose Menta Lavender 40cm,FDB,125
25-abr,Rose Menta Lavender 60cm,LOC,200
26-abr,Rose Miss Piggy Orange/Pink,LOC,100
25-abr,Rose Miss Piggy Orange/Pink,LOC,100
25-abr,Rose Miss Piggy Orange/Pink,LOC,200
27-abr,Rose Miss Piggy Orange/Pink,LOC,200
27-abr,Rose Miss Piggy Orange/Pink,LOC,200
27-abr,Rose Miss Piggy Orange/Pink 40cm,FDB,100
30-abr,Rose Miss Piggy Orange/Pink 40cm,FDB,100
20-abr,Rose Miss Piggy Orange/Pink 40cm,FDB,100
27-abr,Rose Miss Piggy Orange/Pink 40cm,FDB,100
19-abr,Rose Miss Piggy Orange/Pink 50cm,FDB,100
25-abr,Rose Miss Piggy Orange/Pink 50cm,FDB,100
27-abr,Rose Miss Piggy Orange/Pink 50cm,FDB,100
27-abr,Rose Miss Piggy Orange/Pink 50cm,FDB,100
27-abr,Rose Miss Piggy Orange/Pink 50cm,FDB,100
27-abr,Rose Miss Piggy Orange/Pink 50cm,FDB,100
27-abr,Rose Miss Piggy Orange/Pink 50cm,FDB,100
26-abr,Rose Miss Piggy Orange/Pink 50cm,LOC,100
20-abr,Rose Miss Piggy Orange/Pink 50cm,LOC,300
26-abr,Rose Miss Piggy Orange/Pink 50cm,LOC,100
25-abr,Rose Miss Piggy Orange/Pink 50cm,LOC,200
27-abr,Rose Miss Piggy Orange/Pink 50cm,LOC,200
27-abr,Rose Miss Piggy Orange/Pink 60cm,FDB,100
27-abr,Rose Miss Piggy Orange/Pink 60cm,FDB,200
25-abr,Rose Miss Piggy Orange/Pink 60cm,LOC,200
25-abr,Rose Miss Piggy Orange/Pink 60cm,LOC,100
25-abr,Rose Miss Piggy Orange/Pink 60cm,LOC,100
27-abr,Rose Miss Piggy Orange/Pink 60cm,LOC,300
27-abr,Rose Moab Beige,FDB,100
27-abr,Rose Moab Beige,FDB,100
26-abr,Rose Moab Beige,LOC,500
25-abr,Rose Moab Beige,LOC,100
25-abr,Rose Moab Beige,LOC,100
25-abr,Rose Moab Beige,LOC,100
27-abr,Rose Moab Beige,LOC,200
20-abr,Rose Moab Beige,LOC,100
25-abr,Rose Moab Beige,LOC,100
25-abr,Rose Moab Beige,LOC,50
26-abr,Rose Moab Beige,LOC,500
27-abr,Rose Moab Beige,LOC,200
27-abr,Rose Moab Beige 60cm,LOC,100
25-abr,Rose Moab Beige 60cm,LOC,100
22-abr,Rose Moab Beige 60cm,LOC,400
26-abr,Rose Mondial Cream,LOC,100
25-abr,Rose Mondial Cream,LOC,100
25-abr,Rose Mondial Cream,LOC,400
25-abr,Rose Mondial Cream,LOC,100
27-abr,Rose Mondial Cream 40cm,FDB,100
27-abr,Rose Mondial Cream 50cm,FDB,100
20-abr,Rose Mondial Cream 50cm,FDB,200
27-abr,Rose Mondial Cream 50cm,FDB,100
26-abr,Rose Mondial Cream 50cm,LOC,100
22-abr,Rose Mondial Cream 50cm,LOC,300
25-abr,Rose Mondial Cream 50cm,LOC,100
23-abr,Rose Mondial Cream 50cm,LOC,125
27-abr,Rose Mondial Cream 60cm,LOC,500
25-abr,Rose Mondial Cream 60cm,LOC,200
25-abr,Rose Mondial Cream 60cm,LOC,100
22-abr,Rose Mondial Cream 60cm,LOC,100
25-abr,Rose Mondial Cream 60cm,LOC,100
25-abr,Rose Mondial Cream 60cm,LOC,100
27-abr,Rose Mondial Cream 60cm,LOC,800
27-abr,Rose Mondial Cream 70cm,FDB,100
27-abr,Rose Mondial Cream OPEN CUT 70cm,FDB,200
26-abr,Rose Moody Blue Lavender,LOC,500
27-abr,Rose Moody Blue Lavender,LOC,100
27-abr,Rose Moody Blue Lavender 50cm,FDB,100
26-abr,Rose Moody Blue Lavender 50cm,LOC,200
25-abr,Rose Moody Blue Lavender 50cm,LOC,100
29-abr,Rose Moody Blue Lavender 60cm,FDB,400
27-abr,Rose Moody Blue Lavender 60cm,FDB,200
25-abr,Rose Moody Blue Lavender 60cm,LOC,100
25-abr,Rose Moody Blue Lavender 60cm,LOC,200
27-abr,Rose Moody Blue Lavender 60cm,LOC,300
25-abr,Rose Moonstone White,LOC,200
20-abr,Rose Moonstone White 50cm,FDB,200
25-abr,Rose Moonstone White 50cm,FDB,200
25-abr,Rose Moonstone White 60cm,LOC,200
20-abr,Rose Moonstone White 60cm,LOC,100
26-abr,Rose Mother of Pearl Light Pink,LOC,100
26-abr,Rose Mother of Pearl Light Pink,LOC,100
25-abr,Rose Mother of Pearl Light Pink,LOC,200
27-abr,Rose Mother of Pearl Light Pink,LOC,100
27-abr,Rose Mother of Pearl Light Pink,LOC,200
27-abr,Rose Mother of Pearl Light Pink 50cm,FDB,100
25-abr,Rose Mother of Pearl Light Pink 50cm,LOC,300
25-abr,Rose Mother of Pearl Light Pink 60cm,LOC,100
25-abr,Rose Mother of Pearl Light Pink 60cm,LOC,100
26-abr,Rose Mother of Pearl Light Pink 60cm,LOC,500
27-abr,Rose Mother of Pearl Light Pink 70cm,FDB,100
19-abr,Rose Nautica Lavender 60cm,FDB,100
26-abr,Rose Nectarine Peach 60cm,LOC,1000
20-abr,Rose Nena Light Pink,LOC,100
27-abr,Rose Nena Light Pink,LOC,200
27-abr,Rose Nena Light Pink,LOC,200
26-abr,Rose Nena Light Pink 50cm,LOC,200
22-abr,Rose Nena Light Pink 50cm,LOC,200
25-abr,Rose Nena Light Pink 50cm,LOC,200
27-abr,Rose Nena Light Pink 50cm,LOC,200
25-abr,Rose Nena Light Pink 60cm,LOC,100
25-abr,Rose Nena Light Pink 60cm,LOC,100
25-abr,Rose Nena Light Pink 60cm,LOC,300
25-abr,Rose Nena Light Pink 60cm,LOC,100
27-abr,Rose Nena Light Pink 60cm,LOC,1000
22-abr,Rose Nexus Orange 50cm,LOC,100
25-abr,Rose Nexus Orange 60cm,LOC,100
27-abr,Rose Nexus Orange 60cm,LOC,300
2-may,Rose Nina Orange 50cm,FDB,200
25-abr,Rose Nina Orange 50cm,FDB,300
27-abr,Rose Nina Orange 60cm,FDB,100
25-abr,Rose Nina Orange 60cm,FDB,100
27-abr,Rose Nina Orange 60cm,FDB,500
22-abr,Rose Nina Orange 60cm,LOC,100
27-abr,Rose Novia Light Pink 50cm,FDB,100
26-abr,Rose Novia Light Pink 50cm,LOC,100
25-abr,Rose Novia Light Pink 60cm,LOC,200
25-abr,Rose Novia Light Pink 60cm,LOC,100
27-abr,Rose Nuage Pink 40cm,FDB,100
27-abr,Rose Nuage Pink 50cm,FDB,100
20-abr,Rose Nuage Pink 60cm,FDB,300
26-abr,Rose Ocean Song Light Lavender,LOC,200
25-abr,Rose Ocean Song Light Lavender,LOC,200
25-abr,Rose Ocean Song Light Lavender,LOC,100
27-abr,Rose Ocean Song Light Lavender,LOC,100
27-abr,Rose Ocean Song Light Lavender,LOC,200
27-abr,Rose Ocean Song Light Lavender,LOC,200
27-abr,Rose Ocean Song Light Lavender 40cm,FDB,100
27-abr,Rose Ocean Song Light Lavender 40cm,FDB,200
26-abr,Rose Ocean Song Light Lavender 50cm,LOC,200
20-abr,Rose Ocean Song Light Lavender 50cm,LOC,100
26-abr,Rose Ocean Song Light Lavender 50cm,LOC,400
26-abr,Rose Ocean Song Light Lavender 50cm,LOC,200
19-abr,Rose Ocean Song Light Lavender 50cm,LOC,100
22-abr,Rose Ocean Song Light Lavender 50cm,LOC,300
25-abr,Rose Ocean Song Light Lavender 50cm,LOC,500
27-abr,Rose Ocean Song Light Lavender 50cm,LOC,300
29-abr,Rose Ocean Song Light Lavender 60cm,FDB,400
25-abr,Rose Ocean Song Light Lavender 60cm,LOC,100
26-abr,Rose Ocean Song Light Lavender 60cm,LOC,200
25-abr,Rose Ocean Song Light Lavender 60cm,LOC,300
25-abr,Rose Ocean Song Light Lavender 60cm,LOC,200
25-abr,Rose Ocean Song Light Lavender 60cm,LOC,100
22-abr,Rose Ocean Song Light Lavender 60cm,LOC,100
25-abr,Rose Ocean Song Light Lavender 60cm,LOC,300
25-abr,Rose Ocean Song Light Lavender 60cm,LOC,100
26-abr,Rose Ocean Song Light Lavender 60cm,LOC,1000
27-abr,Rose Ocean Song Light Lavender 60cm,LOC,500
22-abr,Rose Opala Pink 50cm,LOC,100
27-abr,Rose Orange,LOC,100
20-abr,Rose Orange 40cm,FDB,125
27-abr,Rose Orange 40cm,FDB,125
27-abr,Rose Orange 40cm,FDB,125
27-abr,Rose Orange 50cm,FDB,300
25-abr,Rose Orange 50cm,FDB,200
27-abr,Rose Orange 50cm,FDB,100
27-abr,Rose Orange 50cm,FDB,100
22-abr,Rose Orange 60cm,FDB,400
27-abr,Rose Orange ORANGE CRUSH. FREE SPIRIT 60cm,LOC,800
25-abr,Rose Orange Crush Orange,LOC,100
27-abr,Rose Orange Crush Orange,LOC,200
22-abr,Rose Orange Crush Orange 40cm,LOC,400
27-abr,Rose Orange Crush Orange 50cm,LOC,100
22-abr,Rose Orange Crush Orange 50cm,LOC,200
25-abr,Rose Orange Crush Orange 50cm,LOC,300
27-abr,Rose Orange Crush Orange 60cm,LOC,200
25-abr,Rose Orange Crush Orange 60cm,LOC,200
25-abr,Rose Orange Crush Orange 60cm,LOC,200
25-abr,Rose Orange Crush Orange 60cm,LOC,300
22-abr,Rose Orange Crush Orange 60cm,LOC,100
25-abr,Rose Orange Crush Orange 60cm,LOC,100
26-abr,Rose Orange Crush Orange 60cm,LOC,500
27-abr,Rose Orange Crush Orange 60cm,LOC,200
27-abr,Rose Peach,LOC,120
27-abr,Rose Peach 40cm,FDB,50
20-abr,Rose Peach 50cm,FDB,100
27-abr,Rose Peach 50cm,FDB,50
22-abr,Rose Peach 60cm,FDB,200
27-abr,Rose Peach SHIMMER. CARPE DIEM PHOENIX. KAHALA 60cm,LOC,2700
27-abr,Rose Pearl Finess Light Peach,LOC,200
26-abr,Rose Phoenix Peach,LOC,200
25-abr,Rose Phoenix Peach,LOC,100
25-abr,Rose Phoenix Peach,LOC,300
20-abr,Rose Phoenix Peach 40cm,FDB,100
30-abr,Rose Phoenix Peach 40cm,FDB,100
27-abr,Rose Phoenix Peach 40cm,FDB,200
27-abr,Rose Phoenix Peach 50cm,FDB,700
25-abr,Rose Phoenix Peach 50cm,FDB,200
25-abr,Rose Phoenix Peach 50cm,LOC,100
20-abr,Rose Phoenix Peach 50cm,LOC,200
26-abr,Rose Phoenix Peach 50cm,LOC,100
20-abr,Rose Phoenix Peach 50cm,LOC,100
22-abr,Rose Phoenix Peach 50cm,LOC,200
27-abr,Rose Phoenix Peach 50cm,LOC,300
27-abr,Rose Phoenix Peach 60cm,FDB,100
25-abr,Rose Phoenix Peach 60cm,LOC,200
22-abr,Rose Phoenix Peach 60cm,LOC,300
25-abr,Rose Phoenix Peach 60cm,LOC,100
25-abr,Rose Phoenix Peach 60cm,LOC,100
27-abr,Rose Phoenix Peach 60cm,LOC,500
25-abr,Rose Pink 40cm,LOC,325
27-abr,Rose Pink 50cm,FDB,100
20-abr,Rose Pink ANY DARK PINK 50cm,LOC,2350
25-abr,Rose Pink 60cm,LOC,125
27-abr,Rose Pink HERMOSA ART DECO 60cm,LOC,2200
27-abr,Rose Pink Champagne Light Pink 50cm,FDB,100
27-abr,Rose Pink Champagne Light Pink 50cm,FDB,100
27-abr,Rose Pink Floyd Hot Pink,LOC,100
27-abr,Rose Pink Floyd Hot Pink,LOC,200
27-abr,Rose Pink Floyd Hot Pink,LOC,200
25-abr,Rose Pink Floyd Hot Pink 50cm,LOC,300
26-abr,Rose Pink Floyd Hot Pink 50cm,LOC,100
20-abr,Rose Pink Floyd Hot Pink 50cm,LOC,100
26-abr,Rose Pink Floyd Hot Pink 50cm,LOC,500
26-abr,Rose Pink Floyd Hot Pink 50cm,LOC,200
22-abr,Rose Pink Floyd Hot Pink 50cm,LOC,100
25-abr,Rose Pink Floyd Hot Pink 50cm,LOC,500
20-abr,Rose Pink Floyd Hot Pink 50cm,LOC,150
27-abr,Rose Pink Floyd Hot Pink 50cm,LOC,200
27-abr,Rose Pink Floyd Hot Pink 60cm,FDB,100
27-abr,Rose Pink Floyd Hot Pink 60cm,FDB,200
27-abr,Rose Pink Floyd Hot Pink 60cm,FDB,100
27-abr,Rose Pink Floyd Hot Pink 60cm,FDB,200
26-abr,Rose Pink Floyd Hot Pink 60cm,LOC,100
25-abr,Rose Pink Floyd Hot Pink 60cm,LOC,500
25-abr,Rose Pink Floyd Hot Pink 60cm,LOC,200
25-abr,Rose Pink Floyd Hot Pink 60cm,LOC,400
25-abr,Rose Pink Floyd Hot Pink 60cm,LOC,100
22-abr,Rose Pink Floyd Hot Pink 60cm,LOC,100
25-abr,Rose Pink Floyd Hot Pink 60cm,LOC,100
25-abr,Rose Pink Floyd Hot Pink 60cm,LOC,300
26-abr,Rose Pink Floyd Hot Pink 60cm,LOC,3000
27-abr,Rose Pink Floyd Hot Pink 60cm,LOC,1000
27-abr,Rose Pink Floyd Hot Pink 70cm,FDB,100
27-abr,Rose Pink Love Hot Pink 50cm,FDB,400
27-abr,Rose Pink Love Hot Pink 50cm,FDB,100
26-abr,Rose Pink Mondial light Pink,LOC,200
25-abr,Rose Pink Mondial light Pink,LOC,400
20-abr,Rose Pink Mondial light Pink 40cm,FDB,100
20-abr,Rose Pink Mondial light Pink 40cm,FDB,100
27-abr,Rose Pink Mondial light Pink 40cm,FDB,100
27-abr,Rose Pink Mondial light Pink 40cm,FDB,300
27-abr,Rose Pink Mondial light Pink 40cm,FDB,200
27-abr,Rose Pink Mondial Light Pink 50cm,FDB,100
20-abr,Rose Pink Mondial Light Pink 50cm,FDB,100
27-abr,Rose Pink Mondial Light Pink 50cm,FDB,100
20-abr,Rose Pink Mondial Light Pink 50cm,FDB,200
25-abr,Rose Pink Mondial Light Pink 50cm,LOC,300
20-abr,Rose Pink Mondial Light Pink 50cm,LOC,2350
26-abr,Rose Pink Mondial Light Pink 50cm,LOC,100
26-abr,Rose Pink Mondial Light Pink 50cm,LOC,400
26-abr,Rose Pink Mondial Light Pink 50cm,LOC,100
22-abr,Rose Pink Mondial Light Pink 50cm,LOC,700
22-abr,Rose Pink Mondial Light Pink 50cm,LOC,300
25-abr,Rose Pink Mondial Light Pink 50cm,LOC,500
26-abr,Rose Pink Mondial Light Pink 60 cm,LOC,100
25-abr,Rose Pink Mondial Light Pink 60 cm,LOC,200
27-abr,Rose Pink Mondial Light Pink 60 cm,LOC,100
27-abr,Rose Pink Mondial Light Pink 60 cm,LOC,800
25-abr,Rose Pink Mondial Light Pink 60 cm,LOC,400
25-abr,Rose Pink Mondial Light Pink 60 cm,LOC,300
27-abr,Rose Pink Mondial Light Pink 60 cm,LOC,100
25-abr,Rose Pink Mondial Light Pink 60 cm,LOC,500
22-abr,Rose Pink Mondial Light Pink 60 cm,LOC,300
25-abr,Rose Pink Mondial Light Pink 60 cm,LOC,600
25-abr,Rose Pink Mondial Light Pink 60 cm,LOC,200
25-abr,Rose Pink Mondial Light Pink 60 cm,LOC,600
26-abr,Rose Pink Mondial Light Pink 60 cm,LOC,3000
27-abr,Rose Pink Mondial Light Pink 60 cm,LOC,400
26-abr,Rose Playa Blanca White,LOC,500
25-abr,Rose Playa Blanca White,LOC,800
25-abr,Rose Playa Blanca White,LOC,600
27-abr,Rose Playa Blanca White,LOC,100
27-abr,Rose Playa Blanca White,LOC,400
27-abr,Rose Playa Blanca White,LOC,1000
27-abr,Rose Playa Blanca White,LOC,600
25-abr,Rose Playa Blanca White 40cm,FDB,600
30-abr,Rose Playa Blanca White 40cm,FDB,200
20-abr,Rose Playa Blanca White 40cm,FDB,200
27-abr,Rose Playa Blanca White 40cm,FDB,300
20-abr,Rose Playa Blanca White 40cm,FDB,100
20-abr,Rose Playa Blanca White 40cm,FDB,100
20-abr,Rose Playa Blanca White 40cm,FDB,300
20-abr,Rose Playa Blanca White 40cm,FDB,200
27-abr,Rose Playa Blanca White 40cm,FDB,100
27-abr,Rose Playa Blanca White 40cm,FDB,100
27-abr,Rose Playa Blanca White 40cm,FDB,100
27-abr,Rose Playa Blanca White 40cm,FDB,200
2-may,Rose Playa Blanca White 40cm,FDB,200
20-abr,Rose Playa Blanca White 50cm,FDB,100
20-abr,Rose Playa Blanca White 50cm,FDB,100
20-abr,Rose Playa Blanca White 50cm,FDB,100
20-abr,Rose Playa Blanca White 50cm,FDB,200
20-abr,Rose Playa Blanca White 50cm,FDB,200
20-abr,Rose Playa Blanca White 50cm,FDB,200
20-abr,Rose Playa Blanca White 50cm,FDB,100
25-abr,Rose Playa Blanca White 50cm,FDB,100
27-abr,Rose Playa Blanca White 50cm,FDB,100
20-abr,Rose Playa Blanca White 50cm,FDB,100
20-abr,Rose Playa Blanca White 50cm,FDB,100
25-abr,Rose Playa Blanca White 50cm,FDB,200
30-abr,Rose Playa Blanca White 50cm,FDB,100
27-abr,Rose Playa Blanca White 50cm,FDB,100
20-abr,Rose Playa Blanca White 50cm,FDB,100
20-abr,Rose Playa Blanca White 50cm,FDB,100
20-abr,Rose Playa Blanca White 50cm,FDB,200
20-abr,Rose Playa Blanca White 50cm,FDB,100
27-abr,Rose Playa Blanca White 50cm,FDB,100
2-may,Rose Playa Blanca White 50cm,FDB,300
20-abr,Rose Playa Blanca White 50cm,FDB,100
27-abr,Rose Playa Blanca White 50cm,FDB,100
27-abr,Rose Playa Blanca White 50cm,FDB,100
20-abr,Rose Playa Blanca White 50cm,FDB,100
27-abr,Rose Playa Blanca White 50cm,FDB,100
26-abr,Rose Playa Blanca White 50cm,LOC,500
27-abr,Rose Playa Blanca White 50cm,LOC,500
20-abr,Rose Playa Blanca White 50cm,LOC,1000
26-abr,Rose Playa Blanca White 50cm,LOC,2000
22-abr,Rose Playa Blanca White 50cm,LOC,500
27-abr,Rose Playa Blanca White 50cm,LOC,400
25-abr,Rose Playa Blanca White 50cm,LOC,1000
20-abr,Rose Playa Blanca White 50cm,LOC,100
27-abr,Rose Playa Blanca White FROS 50cm,LOC,800
2-may,Rose Playa Blanca White 60cm,FDB,200
20-abr,Rose Playa Blanca White 60cm,FDB,200
27-abr,Rose Playa Blanca White 60cm,FDB,100
20-abr,Rose Playa Blanca White 60cm,FDB,300
27-abr,Rose Playa Blanca White 60cm,FDB,400
20-abr,Rose Playa Blanca White 60cm,FDB,100
27-abr,Rose Playa Blanca White 60cm,FDB,100
20-abr,Rose Playa Blanca White 60cm,FDB,100
20-abr,Rose Playa Blanca White 60cm,FDB,200
20-abr,Rose Playa Blanca White 60cm,FDB,100
20-abr,Rose Playa Blanca White 60cm,FDB,100
20-abr,Rose Playa Blanca White 60cm,FDB,200
20-abr,Rose Playa Blanca White 60cm,FDB,100
20-abr,Rose Playa Blanca White 60cm,FDB,200
20-abr,Rose Playa Blanca White 60cm,FDB,100
27-abr,Rose Playa Blanca White 60cm,FDB,100
26-abr,Rose Playa Blanca White 60cm,LOC,500
27-abr,Rose Playa Blanca White 60cm,LOC,1000
25-abr,Rose Playa Blanca White 60cm,LOC,700
25-abr,Rose Playa Blanca White 60cm,LOC,1000
27-abr,Rose Playa Blanca White 60cm,LOC,500
27-abr,Rose Playa Blanca White 60cm,LOC,700
25-abr,Rose Playa Blanca White 60cm,LOC,900
22-abr,Rose Playa Blanca White 60cm,LOC,600
25-abr,Rose Playa Blanca White 60cm,LOC,200
25-abr,Rose Playa Blanca White 60cm,LOC,600
25-abr,Rose Playa Blanca White 60cm,LOC,800
27-abr,Rose Playa Blanca White 60cm,LOC,200
25-abr,Rose Playa Blanca White 60cm,LOC,100
26-abr,Rose Playa Blanca White 60cm,LOC,3000
27-abr,Rose Playa Blanca White 60cm,LOC,2600
20-abr,Rose Playa Blanca White 70cm,FDB,100
25-abr,Rose Playa Blanca White 70cm,FDB,300
20-abr,Rose Playa Blanca White 70cm,FDB,100
27-abr,Rose Playa Blanca White 70cm,FDB,200
27-abr,Rose Playa Blanca White 70cm,FDB,100
27-abr,Rose Playa Blanca White 70cm,LOC,100
20-abr,Rose Polar Star White 50cm,FDB,100
20-abr,Rose Polar Star White 50cm,FDB,100
25-abr,Rose Polar Star White 50cm,LOC,300
25-abr,Rose Polar Star White 60cm,LOC,200
27-abr,Rose Polo White,LOC,200
27-abr,Rose Polo White 50cm,FDB,100
27-abr,Rose Polo White 50cm,FDB,100
20-abr,Rose Polo White 50cm,FDB,100
27-abr,Rose Polo White 50cm,FDB,100
25-abr,Rose Polo White 50cm,LOC,100
25-abr,Rose Polo White 60cm,FDB,100
20-abr,Rose Polo White 60cm,FDB,100
27-abr,Rose Polo White 60cm,FDB,100
27-abr,Rose Polo White 60cm,FDB,100
20-abr,Rose Polo White 60cm,FDB,100
27-abr,Rose Polo White 60cm,FDB,100
27-abr,Rose Polo White 60cm,FDB,100
26-abr,Rose Polo White 60cm,LOC,100
25-abr,Rose Polo White 60cm,LOC,200
25-abr,Rose Polo White 60cm,LOC,100
27-abr,Rose Polo White 60cm,LOC,700
27-abr,Rose Polo White 70cm,FDB,200
25-abr,Rose PomaRosa Light Pink,LOC,200
25-abr,Rose Pompeii Beige,LOC,100
27-abr,Rose Pompeii Beige,LOC,200
26-abr,Rose Proud White 50cm,FDB,200
26-abr,Rose Proud White 50cm,LOC,200
25-abr,Rose Proud White 50cm,LOC,300
27-abr,Rose Purple Cezanne Fuchsia 50cm,FDB,100
26-abr,Rose Purple Haze Light Lavender,LOC,100
25-abr,Rose Purple Haze Light Lavender,LOC,200
27-abr,Rose Purple Haze Light Lavender 50cm,FDB,100
26-abr,Rose Purple Haze Light Lavender 60cm,FDB,100
25-abr,Rose Purple Haze Light Lavender 60cm,LOC,200
25-abr,Rose Purple Haze Light Lavender 60cm,LOC,100
22-abr,Rose Purple Haze Light Lavender 60cm,LOC,100
25-abr,Rose Purple Moon Mauve,LOC,100
27-abr,Rose Purple Moon Mauve,LOC,100
20-abr,Rose Purple Moon Mauve 50cm,FDB,100
27-abr,Rose Purple Moon Mauve 50cm,FDB,100
25-abr,Rose Purple Moon Mauve 50cm,LOC,100
27-abr,Rose Purple Moon Mauve 50cm,LOC,100
22-abr,Rose Purple Moon Mauve 50cm,LOC,100
27-abr,Rose Purple Moon Mauve 60cm,FDB,100
27-abr,Rose Purple Moon Mauve 60cm,FDB,100
26-abr,Rose Purple Moon Mauve 60cm,LOC,1000
26-abr,Rose Quicksand Beige,LOC,500
27-abr,Rose Quicksand Beige,LOC,100
20-abr,Rose Quicksand Beige 50cm,FDB,100
20-abr,Rose Quicksand Beige 50cm,FDB,100
25-abr,Rose Quicksand Beige 50cm,FDB,100
27-abr,Rose Quicksand Beige 50cm,FDB,200
27-abr,Rose Quicksand Beige 50cm,FDB,100
25-abr,Rose Quicksand Beige 50cm,FDB,100
20-abr,Rose Quicksand Beige 50cm,FDB,100
27-abr,Rose Quicksand Beige 50cm,FDB,100
20-abr,Rose Quicksand Beige 50cm,FDB,100
20-abr,Rose Quicksand Beige 50cm,FDB,100
20-abr,Rose Quicksand Beige 50cm,FDB,100
20-abr,Rose Quicksand Beige 50cm,FDB,100
25-abr,Rose Quicksand Beige 50cm,LOC,100
26-abr,Rose Quicksand Beige 50cm,LOC,500
20-abr,Rose Quicksand Beige 50cm,LOC,300
25-abr,Rose Quicksand Beige 50cm,LOC,400
20-abr,Rose Quicksand Beige 50cm,LOC,75
23-abr,Rose Quicksand Beige 50cm,LOC,175
27-abr,Rose Quicksand Beige 50cm,LOC,200
27-abr,Rose Quicksand Beige 60cm,LOC,300
25-abr,Rose Quicksand Beige 60cm,LOC,200
25-abr,Rose Quicksand Beige 60cm,LOC,200
25-abr,Rose Quicksand Beige 60cm,LOC,100
20-abr,Rose Quicksand Beige 70cm,FDB,300
27-abr,Rose Quicksand Beige 70cm,FDB,100
27-abr,Rose Quicksand Beige 70cm,FDB,100
23-abr,Rose Quicksand Beige 70cm,FDB,100
20-abr,Rose Quicksand Beige 70cm,FDB,100
27-abr,Rose Quicksand Beige 70cm,FDB,100
27-abr,Rose Quicksand Beige 70cm,FDB,100
25-abr,Rose Quicksand Beige 70cm,FDB,100
25-abr,Rose Quicksand Beige 70cm,FDB,100
27-abr,Rose Quicksand Beige 70cm,FDB,100
27-abr,Rose Rainbow Variegated 40cm,FDB,100
27-abr,Rose Rainbow Variegated 60cm,FDB,100
30-abr,Rose Razzmatazz Brown 50cm,FDB,100
25-abr,Rose Red 40cm,FDB,125
2-may,Rose Red 40cm,FDB,125
27-abr,Rose Red 40cm,FDB,125
27-abr,Rose Red 40cm,FDB,125
27-abr,Rose Red 40cm,FDB,250
27-abr,Rose Red 40cm,FDB,125
27-abr,Rose Red 40cm,FDB,125
27-abr,Rose Red 50cm,FDB,50
27-abr,Rose Red 50cm,FDB,50
22-abr,Rose Red 60cm,FDB,200
27-abr,Rose Red 60cm,FDB,100
27-abr,Rose Red 60cm,FDB,100
25-abr,Rose Red Panther Burgundy/Red 60cm,FDB,100
27-abr,Rose Rediant Red 60cm,FDB,100
27-abr,Rose Rediant Red 70cm,FDB,100
26-abr,Rose Rhoslyn (aka Cielo aka La Vie En Rose) Pale Pink,LOC,200
27-abr,Rose Rhoslyn (aka Cielo aka La Vie En Rose) Pale Pink ,FDB,400
27-abr,Rose Rhoslyn (aka Cielo aka La Vie En Rose) Pale Pink ,FDB,400
27-abr,Rose Rhoslyn (aka Cielo aka La Vie En Rose) Pale Pink ,LOC,400
27-abr,Rose Rhoslyn (aka Cielo aka La Vie En Rose) Pale Pink ,LOC,200
25-abr,Rose Roseberry Magenta,LOC,100
20-abr,Rose Roseberry Magenta,LOC,100
25-abr,Rose Roseberry Magenta 50cm,FDB,200
22-abr,Rose Roseberry Magenta 50cm,LOC,100
22-abr,Rose Rosita Vendela Pink 50cm,LOC,100
26-abr,Rose Saga Light Pink 50cm,LOC,100
19-abr,Rose Sahara Beige,LOC,100
27-abr,Rose Sahara Beige 40cm,FDB,125
26-abr,Rose Sahara Beige 50cm,LOC,100
25-abr,Rose Sahara Beige 50cm,LOC,100
25-abr,Rose Sahara Beige 60cm,LOC,100
25-abr,Rose Sahara Beige 60cm,LOC,100
20-abr,Rose Sahara Sensation Peach 40cm,LOC,120
20-abr,Rose Samba Pa Ti Orange,LOC,100
27-abr,Rose Sandy Light Pink/Cream,LOC,200
20-abr,Rose Sandy Light Pink/Cream 40cm,FDB,100
27-abr,Rose Sandy Light Pink/Cream 40cm,FDB,100
27-abr,Rose Sandy Light Pink/Cream 40cm,FDB,100
20-abr,Rose Sandy Light Pink/Cream 40cm,FDB,100
27-abr,Rose Sandy Light Pink/Cream 40cm,FDB,300
25-abr,Rose Sandy Light Pink/Cream 40cm,FDB,100
25-abr,Rose Sandy Light Pink/Cream 40cm,FDB,100
27-abr,Rose Sandy Light Pink/Cream 40cm,FDB,100
25-abr,Rose Sandy Light Pink/Cream 50cm,LOC,25
26-abr,Rose Shimmer Peach,LOC,300
25-abr,Rose Shimmer Peach,LOC,200
25-abr,Rose Shimmer Peach,LOC,300
27-abr,Rose Shimmer Peach,LOC,300
26-abr,Rose Shimmer Peach,LOC,100
27-abr,Rose Shimmer Peach,LOC,300
27-abr,Rose Shimmer Peach,LOC,100
27-abr,Rose Shimmer Peach 40cm,FDB,400
20-abr,Rose Shimmer Peach 40cm,FDB,100
27-abr,Rose Shimmer Peach 40cm,FDB,100
27-abr,Rose Shimmer Peach 40cm,FDB,100
27-abr,Rose Shimmer Peach 40cm,FDB,100
27-abr,Rose Shimmer Peach 40cm,FDB,100
27-abr,Rose Shimmer Peach 40cm,FDB,300
27-abr,Rose Shimmer Peach 40cm,FDB,200
27-abr,Rose Shimmer Peach 40cm,FDB,100
20-abr,Rose Shimmer Peach 40cm,FDB,200
27-abr,Rose Shimmer Peach 50cm,FDB,200
25-abr,Rose Shimmer Peach 50cm,FDB,600
20-abr,Rose Shimmer Peach 50cm,FDB,100
25-abr,Rose Shimmer Peach 50cm,FDB,200
26-abr,Rose Shimmer Peach 50cm,LOC,100
20-abr,Rose Shimmer Peach 50cm,LOC,100
26-abr,Rose Shimmer Peach 50cm,LOC,500
22-abr,Rose Shimmer Peach 50cm,LOC,300
22-abr,Rose Shimmer Peach 50cm,LOC,300
25-abr,Rose Shimmer Peach 50cm,LOC,600
20-abr,Rose Shimmer Peach 50cm,LOC,75
27-abr,Rose Shimmer Peach 50cm,LOC,400
29-abr,Rose Shimmer Peach 60cm,FDB,200
27-abr,Rose Shimmer Peach 60cm,FDB,100
27-abr,Rose Shimmer Peach 60cm,FDB,200
25-abr,Rose Shimmer Peach 60cm,LOC,100
26-abr,Rose Shimmer Peach 60cm,LOC,100
27-abr,Rose Shimmer Peach 60cm,LOC,200
25-abr,Rose Shimmer Peach 60cm,LOC,200
25-abr,Rose Shimmer Peach 60cm,LOC,300
27-abr,Rose Shimmer Peach 60cm,LOC,200
25-abr,Rose Shimmer Peach 60cm,LOC,700
22-abr,Rose Shimmer Peach 60cm,LOC,200
25-abr,Rose Shimmer Peach 60cm,LOC,200
25-abr,Rose Shimmer Peach 60cm,LOC,500
25-abr,Rose Shimmer Peach 60cm,LOC,300
26-abr,Rose Shimmer Peach 60cm,LOC,3000
27-abr,Rose Shimmer Peach 60cm,LOC,1000
27-abr,Rose Shimmer Peach 70cm,FDB,100
27-abr,Rose Shimmer Peach 70cm,FDB,100
27-abr,Rose Shimmer Peach 70cm,FDB,100
20-abr,Rose Shimmer Peach 70cm,FDB,400
20-abr,Rose Shimmer Peach 70cm,FDB,100
27-abr,Rose Shimmer Peach 70cm,FDB,100
25-abr,Rose Shimmer Peach 70cm,FDB,200
20-abr,Rose Shimmer Peach 70cm,FDB,100
27-abr,Rose Shimmer Peach 70cm,FDB,100
20-abr,Rose Shocking Blue Lavender 40cm,FDB,125
27-abr,Rose Shocking Blue Lavender 60cm,FDB,100
20-abr,Rose Silvery Light Lavender 50cm,LOC,25
25-abr,Rose Single Stem Red,LOC,100
20-abr,Rose Snow Bliss White 50 cm,FDB,200
27-abr,Rose Snow Bliss White 50 cm,FDB,100
20-abr,Rose Snow Bliss White 50 cm,FDB,100
20-abr,Rose Snowballet White 50cm,FDB,100
20-abr,Rose Snowballet White 60cm,FDB,100
20-abr,Rose Snowy Jewel White 50cm,FDB,200
25-abr,Rose Sophia Blush,LOC,200
27-abr,Rose Sophia Blush 50cm,FDB,100
27-abr,Rose Sophia Blush 60cm,FDB,300
25-abr,Rose Sophia Blush 60cm,LOC,100
25-abr,Rose Soul Cream,LOC,100
22-abr,Rose Soul Cream 50 cm,LOC,100
25-abr,Rose Soul Cream 60 cm,LOC,100
25-abr,Rose Soul Cream 60 cm,LOC,200
27-abr,Rose Soul Cream 60 cm,LOC,500
27-abr,Rose Star Platinum Lavender,LOC,25
25-abr,Rose Stardust Yellow,LOC,200
27-abr,Rose Stardust Yellow,LOC,100
27-abr,Rose Stardust Yellow 50cm,FDB,100
25-abr,Rose Stardust Yellow 50cm,LOC,100
26-abr,Rose Stardust Yellow 50cm,LOC,100
27-abr,Rose Stardust Yellow 50cm,LOC,300
25-abr,Rose Stardust Yellow 60cm,LOC,100
27-abr,Rose Starwalker Yellow 50cm,FDB,100
27-abr,Rose Starwalker Yellow 60cm,FDB,100
27-abr,Rose Stiletto Hot Pink 60cm,FDB,300
27-abr,Rose Sunny Days Yellow 50cm,FDB,100
25-abr,Rose Super Green Green 50cm,LOC,100
20-abr,Rose Super Green Green 50cm,LOC,50
25-abr,Rose Super Green Green 60cm,LOC,100
27-abr,Rose Super Sun Gold 60cm,FDB,100
25-abr,Rose Sweet 4 Love Light Pink,LOC,100
25-abr,Rose Sweet 4 Love Light Pink,LOC,200
25-abr,Rose Sweet 4 Love Light Pink,LOC,100
27-abr,Rose Sweet 4 Love Light Pink 60cm,FDB,100
20-abr,Rose Sweet Akito Light Pink 50cm,LOC,100
27-abr,Rose Sweet Akito Light Pink 60cm,FDB,200
25-abr,Rose Sweet Akito Light Pink 60cm,FDB,100
25-abr,Rose Sweet Akito Light Pink 60cm,LOC,200
25-abr,Rose Sweet Bliss Blush,LOC,100
27-abr,Rose Sweet Bliss Blush 50cm,LOC,200
26-abr,Rose Sweet Escimo Blush,LOC,200
25-abr,Rose Sweet Escimo Blush,LOC,300
27-abr,Rose Sweet Escimo Blush,LOC,150
27-abr,Rose Sweet Escimo Blush,LOC,200
27-abr,Rose Sweet Escimo Blush,LOC,200
27-abr,Rose Sweet Escimo Blush 40cm,FDB,125
27-abr,Rose Sweet Escimo Blush 40cm,FDB,125
27-abr,Rose Sweet Escimo Blush 40cm,FDB,250
27-abr,Rose Sweet Escimo Blush 40cm,FDB,125
27-abr,Rose Sweet Escimo Blush 40cm,FDB,125
23-abr,Rose Sweet Escimo Blush 40cm,FDB,125
27-abr,Rose Sweet Escimo Blush 40cm,FDB,250
25-abr,Rose Sweet Escimo Blush 40cm,FDB,125
27-abr,Rose Sweet Escimo Blush 40cm,FDB,125
20-abr,Rose Sweet Escimo Blush 50cm,FDB,100
20-abr,Rose Sweet Escimo Blush 50cm,LOC,100
27-abr,Rose Sweet Escimo Blush 50cm,LOC,200
25-abr,Rose Sweet Escimo Blush 50cm,LOC,100
27-abr,Rose Sweet Escimo Blush 50cm,LOC,300
27-abr,Rose Sweet Escimo Blush 60cm,FDB,100
27-abr,Rose Sweet Escimo Blush 60cm,FDB,100
25-abr,Rose Sweet Escimo Blush 60cm,LOC,200
25-abr,Rose Sweet Escimo Blush 60cm,LOC,100
25-abr,Rose Sweet Escimo Blush 60cm,LOC,500
25-abr,Rose Sweet Escimo Blush 60cm,LOC,200
27-abr,Rose Sweet Escimo Blush 60cm,LOC,500
27-abr,Rose Sweet Memory Pink 60cm,FDB,200
25-abr,Rose Sweet Unique Pink,LOC,200
27-abr,Rose Sweet Unique Pink,LOC,50
27-abr,Rose Sweet Unique Pink,LOC,200
25-abr,Rose Sweet Unique Pink 40cm,FDB,100
27-abr,Rose Sweet Unique Pink 40cm,FDB,100
22-abr,Rose Sweet Unique Pink 40cm,LOC,400
22-abr,Rose Sweet Unique Pink 50cm,LOC,200
25-abr,Rose Sweet Unique Pink 50cm,LOC,200
25-abr,Rose Sweet Unique Pink 60cm,LOC,200
25-abr,Rose Sweet Unique Pink 60cm,LOC,900
22-abr,Rose Sweet Unique Pink 60cm,LOC,100
27-abr,Rose Sweet Unique Pink 60cm,LOC,1000
22-abr,Rose Sweet Unique Pink 70cm,LOC,100
19-abr,Rose Sweetness Pink/White 50cm,FDB,100
27-abr,Rose Sweetness Pink/White 50cm,FDB,100
27-abr,Rose Sweetness Pink/White 60cm,LOC,200
25-abr,Rose Takini Yellow 60cm,LOC,200
27-abr,Rose Takini Yellow 60cm,LOC,400
27-abr,Rose Tara Gold 40cm,FDB,100
26-abr,Rose Tara Gold 50cm,LOC,100
22-abr,Rose Tara Gold 50cm,LOC,100
26-abr,Rose Tara Gold 60cm,LOC,100
22-abr,Rose Tara Gold 60cm,LOC,100
26-abr,Rose Tibet White,LOC,500
27-abr,Rose Tibet White,LOC,300
27-abr,Rose Tibet White,LOC,300
20-abr,Rose Tibet White 40cm,FDB,100
2-may,Rose Tibet White 40cm,FDB,300
20-abr,Rose Tibet White 40cm,FDB,100
20-abr,Rose Tibet White 40cm,FDB,100
27-abr,Rose Tibet White 40cm,FDB,100
2-may,Rose Tibet White 40cm,FDB,500
22-abr,Rose Tibet White 40cm,LOC,100
2-may,Rose Tibet White 50cm,FDB,100
27-abr,Rose Tibet White 50cm,FDB,100
20-abr,Rose Tibet White 50cm,FDB,100
25-abr,Rose Tibet White 50cm,LOC,200
26-abr,Rose Tibet White 50cm,LOC,400
20-abr,Rose Tibet White 50cm,LOC,1000
27-abr,Rose Tibet White 50cm,LOC,200
26-abr,Rose Tibet White 50cm,LOC,200
22-abr,Rose Tibet White 50cm,LOC,300
25-abr,Rose Tibet White 50cm,LOC,300
27-abr,Rose Tibet White 50cm,LOC,200
25-abr,Rose Tibet White 60cm,LOC,500
25-abr,Rose Tibet White 60cm,LOC,200
25-abr,Rose Tibet White 60cm,LOC,700
22-abr,Rose Tibet White 60cm,LOC,200
25-abr,Rose Tibet White 60cm,LOC,500
26-abr,Rose Tibet White 60cm,LOC,1000
27-abr,Rose Tibet White 60cm,LOC,700
27-abr,Rose Tibet White 70cm,FDB,100
27-abr,Rose Tiffany Peach,LOC,100
27-abr,Rose Tiffany Peach,LOC,100
27-abr,Rose Tiffany Peach 50cm,FDB,100
22-abr,Rose Tiffany Peach 50cm,LOC,200
25-abr,Rose Tiffany Peach 50cm,LOC,500
20-abr,Rose Tiffany Peach 60cm,FDB,100
27-abr,Rose Tiffany Peach 60cm,FDB,200
27-abr,Rose Tiffany Peach 60cm,FDB,100
27-abr,Rose Tiffany Peach 60cm,LOC,100
25-abr,Rose Tiffany Peach 60cm,LOC,200
26-abr,Rose Tiffany Peach 60cm,LOC,500
2-may,Rose Tina Hot Pink 50cm,FDB,200
25-abr,Rose Titanic Light Pink,LOC,200
25-abr,Rose Titanic Light Pink 50cm,LOC,100
25-abr,Rose Toffee Novelty,LOC,100
25-abr,Rose Toffee Novelty,LOC,100
20-abr,Rose Toffee Novelty,LOC,100
25-abr,Rose Toffee Novelty,LOC,100
27-abr,Rose Toffee Novelty 50cm,FDB,100
26-abr,Rose Toffee Novelty 50cm,LOC,100
27-abr,Rose Toffee Novelty 50cm,LOC,200
22-abr,Rose Toffee Novelty 50cm,LOC,100
25-abr,Rose Topaz Fuchsia 50cm,LOC,100
25-abr,Rose Topaz Fuchsia 50cm,LOC,25
25-abr,Rose Toscana Cream/Yellow 50cm,LOC,50
27-abr,Rose Tropic Versilia Peach 50cm,FDB,100
20-abr,Rose Tycoon Light Orange 50cm,FDB,100
25-abr,Rose Tycoon Light Orange 50cm,LOC,25
27-abr,Rose Tycoon Light Orange 60cm,FDB,100
27-abr,Rose Tycoon Light Orange 60cm,FDB,100
27-abr,Rose Tycoon Light Orange 60cm,FDB,100
25-abr,Rose Vendela Cream,LOC,100
27-abr,Rose Vendela Cream,LOC,200
27-abr,Rose Vendela Cream 40cm,FDB,100
26-abr,Rose Vendela Cream 50cm,LOC,100
20-abr,Rose Vendela Cream 50cm,LOC,100
26-abr,Rose Vendela Cream 50cm,LOC,200
22-abr,Rose Vendela Cream 50cm,LOC,400
22-abr,Rose Vendela Cream 50cm,LOC,100
25-abr,Rose Vendela Cream 50cm,LOC,300
23-abr,Rose Vendela Cream 50cm,LOC,125
26-abr,Rose Vendela Cream 60cm,LOC,100
26-abr,Rose Vendela Cream 60cm,LOC,200
27-abr,Rose Vendela Cream 60cm,LOC,400
25-abr,Rose Vendela Cream 60cm,LOC,200
25-abr,Rose Vendela Cream 60cm,LOC,200
25-abr,Rose Vendela Cream 60cm,LOC,300
22-abr,Rose Vendela Cream 60cm,LOC,100
25-abr,Rose Vendela Cream 60cm,LOC,100
25-abr,Rose Vendela Cream 60cm,LOC,300
27-abr,Rose Vendela Cream 60cm,LOC,700
25-abr,Rose Versillia Peach 50cm,LOC,125
27-abr,Rose VIPink Hot Pink 50cm,FDB,200
27-abr,Rose VIPink Hot Pink 50cm,FDB,200
27-abr,Rose VIPink Hot Pink 50cm,FDB,300
27-abr,Rose VIPink Hot Pink 50cm,FDB,100
25-abr,Rose VIPink Hot Pink 60cm,FDB,100
27-abr,Rose Voodoo Orange 60cm,LOC,200
25-abr,Rose Wasabi Light Green 60cm,LOC,100
27-abr,Rose Watergame Pink 50cm,FDB,100
27-abr,Rose Watergame Pink 60cm,FDB,100
20-abr,Rose White 40cm,FDB,250
20-abr,Rose White 40cm,FDB,125
20-abr,Rose White 40cm,FDB,125
20-abr,Rose White 50cm,FDB,100
25-abr,Rose White 50cm,FDB,300
20-abr,Rose White 50cm,FDB,700
27-abr,Rose White 50cm,FDB,300
27-abr,Rose White 50cm,FDB,200
27-abr,Rose White 50cm,FDB,100
27-abr,Rose White 50cm,FDB,100
19-abr,Rose White 60cm,FDB,50
27-abr,Rose White 60cm,FDB,100
22-abr,Rose White 60cm,FDB,200
27-abr,Rose White PLAYA TIBET. MONDIAL 60cm,LOC,2500
25-abr,Rose White Chocolate Cream 50cm,LOC,75
26-abr,Rose White Shimmer White,LOC,500
20-abr,Rose White Shimmer White 50cm,FDB,300
27-abr,Rose White Shimmer White 50cm,FDB,100
27-abr,Rose White Shimmer White 50cm,FDB,100
20-abr,Rose Wild Spirit Orange 50cm,LOC,25
25-abr,Rose Wild Spirit Orange 60cm,LOC,100
30-abr,Rose Wildcat Orange/Coral 50cm,FDB,100
27-abr,Rose Wildcat Orange/Coral 60cm,FDB,200
27-abr,Rose Yellow 40cm,FDB,125
27-abr,Rose Yellow 50cm,FDB,100
22-abr,Rose Yellow 60cm,FDB,100
25-abr,Rose Yellow 60cm,LOC,125
25-abr,Rose Yellow 60cm,LOC,100
27-abr,Rose Yellow HUMMER BRIGHTON 60cm,LOC,900
27-abr,Rose Yoga Pink 60cm,FDB,100